"","Bcells","CD4","CD8","Monocytes","NK","Neutrophils"
"ENSG00000211594",5735.7386,0,1.7592,0,0,43.6409
"ENSG00000242887",4279.6852,4.4482,3.4082,2.2056,8.2193,0
"ENSG00000211596",3578.1234,0.7884,1.3639,0,7.0068,36.2815
"ENSG00000211593",2967.4909,0.8755,0,2.4275,6.9214,0
"ENSG00000211595",2305.0554,0,0,0,0,0
"ENSG00000169429",131.5697,0.8908,0.4321,1275.1709,5.8548,9886.37
"ENSG00000123689",39.9904,0.4334,0.3509,299.9407,1.6668,7203.3675
"ENSG00000143546",52.9256,0.2399,0.5498,477.472,1.7858,5226.9382
"ENSG00000242534",1439.4264,0.1505,0,0.0796,0.3852,1.2637
"ENSG00000211904",1390.1726,0.4938,0,1.0563,0,8.3176
"ENSG00000211964",1327.3562,0.3152,0.3762,0.6129,0,7.315
"ENSG00000253701",1226.113,0.1747,0.2312,0,1.8114,1.7881
"ENSG00000211900",1128.8116,1.0502,1.2257,1.5641,2.659,0
"ENSG00000282173",5.634,751.3017,607.8285,5.7855,1111.5702,0
"ENSG00000129226",81.1247,0.0548,0.0401,1520.0649,1.5122,96.6832
"ENSG00000211943",1055.6044,0.4418,0.2958,0.2615,2.1773,0
"ENSG00000136689",40.2687,0.1595,0.1177,405.7325,0.8398,2193.3215
"ENSG00000163220",152.4352,1.3411,0.9097,1474.69,5.8277,9748.095
"ENSG00000237111",957.0264,1.1066,0,1.4726,0,0
"ENSG00000211945",936.0409,0.2141,0.237,0.1823,2.0385,0
"ENSG00000124731",18.4468,0.1747,0.1953,191.7037,0.5586,2529.3874
"ENSG00000242371",871.3649,0,0,0.1606,1.705,0
"ENSG00000211764",98.1961,433.044,529.9526,5.8485,830.0408,0
"ENSG00000211663",810.3849,0.3182,0.6669,0.3913,0.2125,0
"ENSG00000282122",798.5403,0.372,0.5881,0.0902,0.7632,0
"ENSG00000125538",377.4063,1.455,0.4439,4237.9258,9.8674,1699.45
"ENSG00000211947",2038.7597,0.1736,0.4795,0.9386,1.834,1.0606
"ENSG00000073756",11.2413,0.0632,0.0881,151.6849,1.5462,1213.3237
"ENSG00000211598",1232.2011,0.2456,0.0659,0.3028,0.3228,7.7129
"ENSG00000163563",59.7791,0.4025,0.5245,574.9217,3.9096,3665.5427
"ENSG00000280411",1039.2955,0.6286,0.2326,0.0504,3.6454,0.8317
"ENSG00000103569",5.7615,0.0973,0.0554,77.6208,0.7357,1050.0677
"ENSG00000239951",1847.8094,0.4068,0.1747,0.9611,4.3542,4.7005
"ENSG00000223336",11.3074,0,0.2795,1.7575,0,666.8278
"ENSG00000211678",663.4273,0.0978,0,0.7411,0,0
"ENSG00000224373",1087.2481,0.3932,0.2894,0.0648,0.4505,2.6183
"ENSG00000211905",644.4914,0.7221,0.9075,0,0,0
"ENSG00000211592",19622.758,4.9363,2.9715,7.549,21.7227,59.0444
"ENSG00000211766",169.1628,161.6238,162.923,4.0934,629.4578,0
"ENSG00000211597",5942.951,0.858,2.2266,3.7969,14.6503,15.7137
"ENSG00000244437",1137.0107,0.1472,0.0855,0.1585,0.3333,2.7894
"ENSG00000211895",12235.7949,3.534,1.9096,4.0751,19.1314,27.3304
"ENSG00000225698",607.6799,0.0966,0.1224,0.0883,0.1847,0
"ENSG00000211938",2246.4306,1.0278,0.2839,0.3052,7.4397,1.4106
"ENSG00000211965",575.9013,0.0279,0.0669,0.1638,0,0.2398
"ENSG00000211651",569.5596,0.0679,0.0529,0.4117,0.7969,0
"ENSG00000211959",2447.162,0.6636,1.8913,0.7105,0.3328,1.0607
"ENSG00000211767",165.4567,405.6826,361.0653,7.9594,551.9045,0
"ENSG00000211949",5621.5462,2.1447,0.9363,1.4505,6.1563,9.6061
"ENSG00000211890",2566.3193,0.5643,0.3794,0.8191,3.0512,0.7639
"ENSG00000211941",658.9738,0.1449,0.0255,0.2129,0.2151,0.2106
"ENSG00000211677",8954.6485,3.9914,1.6353,3.0749,5.0155,4.9897
"ENSG00000241163",14.54,0.062,0,250.5592,1.4924,505.8266
"ENSG00000232216",505.513,1.9044,3.257,0.1753,0,0.1241
"ENSG00000211679",2657.9374,0.4754,0.4413,0.6454,1.1673,1.4149
"ENSG00000211896",6248.9925,2.0421,1.1791,1.863,6.916,9.1145
"ENSG00000173535",1.9862,0.3069,0.2437,13.7759,0.798,1665.7083
"ENSG00000211893",5251.2712,1.0655,0.9866,1.9525,3.0857,4.4908
"ENSG00000119535",38.1211,1.2014,1.165,384.9113,4.8389,6092.0825
"ENSG00000266698",12.574,0,0,74.7581,0,475.1597
"ENSG00000085265",201.3466,1.0448,0.5522,3098.4958,8.6358,386.2918
"ENSG00000211765",49.2893,233.461,304.4746,7.4198,471.385,0
"ENSG00000211937",1212.2269,0.1627,0.2246,0.276,0.1732,0.6458
"ENSG00000243466",660.7739,0.0722,0.0436,0.3851,0.8806,4.3684
"ENSG00000282320",5.8951,455.4331,379.1776,3.3667,446.9195,0
"ENSG00000172116",0.149,13.4886,699.001,0.0535,4.4123,0.181
"ENSG00000211966",1205.819,0.1672,0.1657,0.5652,0.5167,4.9474
"ENSG00000242472",8009.347,1.6718,4.8501,3.4725,4.1096,4.1239
"ENSG00000211653",606.4356,0.0788,0.0342,0.1448,0.1814,0.278
"ENSG00000240041",19012.685,4.2024,5.7038,11.5403,13.6948,62.4215
"ENSG00000211955",1814.0297,3.3037,0.5566,0.3159,4.3768,2.6118
"ENSG00000165168",143.432,0.285,0.0838,796.9331,1.9589,58.2192
"ENSG00000243238",816.1036,0.0884,0.1952,0.3146,0.198,0.1515
"ENSG00000162551",4.4981,0.0813,0.055,0.9345,0.5421,671.1365
"ENSG00000162747",6.3506,1.1857,19.9173,307.9806,142.6869,5373.4253
"ENSG00000104974",16.7287,0.097,0.0671,691.2378,2.3013,210.2725
"ENSG00000211659",406.646,0.0237,0,0,0,2.0183
"ENSG00000211716",0.0935,116.3001,405.9143,0,0,0.1762
"ENSG00000188536",5800.0757,12.1576,1.3392,149.7795,397.3392,1469.2141
"ENSG00000170956",1.4267,0.1043,0.0329,37.5617,0,401.7873
"ENSG00000211640",400.1812,0.0869,0.2135,0,0,0
"ENSG00000143226",48.3073,0.6105,2.0349,596.0562,20.3106,2803.5959
"ENSG00000211771",36.5525,387.4934,393.9524,3.7902,218.6685,0
"ENSG00000211933",387.4516,0.0814,0.048,0.3437,0,0
"ENSG00000282420",2.8435,381.7491,256.8135,5.0596,247.609,0
"ENSG00000211897",1139.9981,0.2049,0.2379,0.3062,2.9864,0.3532
"ENSG00000211892",668.543,0.1354,0.1827,0.0796,0.5931,0.2176
"ENSG00000244734",12301.5101,24.0037,3.2251,302.8442,806.9883,2861.9911
"ENSG00000224579",1.6269,0.5086,0.5443,24.6816,0,365.7738
"ENSG00000211673",362.1265,0.1689,0.0326,0.0921,0,0
"ENSG00000163739",1.3016,0.0087,0.0125,4.6418,0,358.0187
"ENSG00000163221",5.4536,0.0431,0,48.9312,0.3129,357.9878
"ENSG00000090382",678.3345,7.4922,2.1732,8096.1669,62.9894,1087.1777
"ENSG00000211675",2807.6354,1.2851,0.6974,1.6645,4.2988,18.2926
"ENSG00000211787",0.123,348.0102,242.3211,0.1488,1.8397,0
"ENSG00000131355",1.4393,0.0107,0.0306,53.8228,0.1542,380.3002
"ENSG00000211967",340.0751,0.0874,0.0539,0.1031,0,0.1636
"ENSG00000211648",474.4479,0.0722,0.0407,0.2208,0.5142,0.278
"ENSG00000198574",3.1208,0.0747,1.7208,51.1194,587.5289,1.4404
"ENSG00000211946",336.0153,0.0658,0,0.1424,0.1431,1.2185
"ENSG00000282133",1.2034,333.8118,239.0127,3.421,284.9215,0
"ENSG00000241351",1217.5895,0.5851,0.3449,0.2647,0.4244,0.7458
"ENSG00000265612",331.0268,14.6073,13.3694,0,0,0
"ENSG00000255398",3.8418,0,0.0405,100.3708,0.3371,329.0532
"ENSG00000276758",7.2248,0,0,327.6695,0,92.7499
"ENSG00000163464",1.3703,0.4205,5.4282,2.1128,61.9238,1701.6795
"ENSG00000211649",324.9786,0.0398,0.0204,0.0291,0,0.1873
"ENSG00000123405",13.8198,0.0619,0.0555,96.5901,1.6258,494.6149
"ENSG00000282600",317.4204,0.2791,0.2371,0.4759,0.7868,0
"ENSG00000231475",317.3731,1.6244,0.4069,0,1.1021,0.4028
"ENSG00000182885",1.1902,0.1051,0.846,0.9932,15.0853,642.049
"ENSG00000241755",312.891,0,0.0741,0,0.4913,0.2753
"ENSG00000211638",311.6323,0.0785,0.033,0.1961,0.1753,0
"ENSG00000140932",0.4562,0.0788,0,1.3764,0.076,311.4459
"ENSG00000211857",5.371,306.3175,230.0036,0,46.118,0
"ENSG00000181631",5.7641,0.0795,0.0418,139.5207,0.6719,432.5912
"ENSG00000242076",551.4699,0.0831,0.145,0.2788,0.2383,5.5605
"ENSG00000211924",300.0106,0,1.5554,0,0,0
"ENSG00000243290",333.426,0.0112,0.0525,0.1642,0.2634,0.2069
"ENSG00000211676",299.4142,0.1569,0,0.4018,0,0
"ENSG00000110203",22.9269,0.1729,0.0845,108.8531,0.0885,552.2616
"ENSG00000282780",3.1453,256.8971,223.0885,3.8579,298.182,0
"ENSG00000224650",844.0697,0.6821,0.2099,0.1871,0.2877,2.9232
"ENSG00000282639",291.1468,0.0519,0.0769,0.062,0,0
"ENSG00000211669",290.4363,0.0816,0.3968,0.4323,0.3934,0
"ENSG00000153064",532.6057,0.2998,0.0842,3.0577,2.315,1.0314
"ENSG00000259651",6.6998,0.1187,0,57.9241,4.0861,286.8592
"ENSG00000211747",0.4659,283.079,145.4804,0.0502,0.4771,0
"ENSG00000101336",103.4958,0.2889,0.3696,1100.3766,7.6816,1080.7168
"ENSG00000277734",27.6698,1980.87,1849.2437,0.6017,64.9499,0.6394
"ENSG00000270550",2865.9459,1.9055,0.9498,1.3413,5.0634,4.1182
"ENSG00000211788",0.253,272.8235,174.1065,0,0,0
"ENSG00000211753",1.1757,250.2861,488.3964,0.0808,13.4239,0.349
"ENSG00000232869",2.2784,185.6655,268.8501,0.053,0.8611,0
"ENSG00000211825",27.6881,11.3135,1.9629,33.0012,5531.3225,3.6419
"ENSG00000243264",265.1281,0.061,0,0.0815,0.3248,0
"ENSG00000281958",1.2682,263.8877,241.9589,4.3744,196.0708,0
"ENSG00000202502",0.9608,1.7817,0.7113,9.5777,0,263.8605
"ENSG00000211868",1.0209,262.2502,209.6897,0,16.592,0
"ENSG00000211652",261.8393,0.0211,0.0204,0.0291,1.4241,0
"ENSG00000211637",261.2007,0.1642,0,0,0,0.2624
"ENSG00000115590",0.6246,0.7173,0.1018,3.7697,0.3169,521.4188
"ENSG00000211869",5.7092,257.4133,217.424,0.7524,36.684,0
"ENSG00000278196",407.4435,0.5872,0.4419,0.0599,1.5496,0.1059
"ENSG00000282651",254.5348,0.0555,0.0307,0.0253,0,0
"ENSG00000182782",1.7882,0.0307,0.0545,24.0974,0.1342,332.1295
"ENSG00000211769",41.6559,250.1148,211.5393,3.4024,189.9915,0
"ENSG00000166825",13.7118,0.4058,0.2431,247.6565,1.0225,851.134
"ENSG00000180871",3.2629,1.1055,9.4887,14.966,106.3529,2976.8162
"ENSG00000278030",0.4757,177.4451,246.8209,0,0.824,0
"ENSG00000131042",36.1044,0.3339,1.0546,1069.1762,4.7287,497.4292
"ENSG00000128383",23.154,0.4477,0.5832,381.086,1.9256,1345.5054
"ENSG00000270472",245.524,0,0.2405,0.4339,0.0366,0
"ENSG00000284049",243.363,0.4142,0.3589,0.2506,2.4862,0
"ENSG00000211801",0.1164,223.2871,240.4836,0.0542,0,0
"ENSG00000265929",238.1402,0.3495,0,0.3063,0,1.2271
"ENSG00000222852",0,0,0,0.7591,0,237.4906
"ENSG00000244575",235.261,0,0.0595,0.1182,0,0.2253
"ENSG00000211956",1179.1605,10.9321,3.3191,0.4044,4.7002,11.4157
"ENSG00000132465",6127.8577,2.5266,3.1167,4.2098,11.4934,10.8852
"ENSG00000160883",18.7692,0.4796,0.1417,563.4681,4.1171,148.4653
"ENSG00000211942",230.2687,0.2357,0.0441,0.0636,0,0
"ENSG00000158825",4.2375,0.0181,0.0202,47.0347,0.1042,271.2993
"ENSG00000211976",228.432,0.0241,0.1451,0,0,0
"ENSG00000146592",6.743,0.1888,0.2307,65.8046,0.3986,654.9392
"ENSG00000211688",1.1497,27.2072,100.9779,5.0744,224.7748,0
"ENSG00000197629",100.6543,0.3769,0.2499,765.3098,6.8174,108.8258
"ENSG00000211785",0.0837,217.0728,176.3344,0,0,0
"ENSG00000138795",3.1721,547.315,433.1669,0.3791,22.1885,0.1521
"ENSG00000211779",0,91.6493,213.2869,0,0,0.2181
"ENSG00000115828",8.2727,0.2771,0.1452,65.3151,0.5141,522.2074
"ENSG00000123610",2.0097,0.0058,0.0217,17.4475,0,212.2091
"ENSG00000240382",211.8013,0,0,0.1469,0,0
"ENSG00000282939",0.0922,211.0778,81.2924,2.1813,0.3422,0
"ENSG00000038427",42.8932,0.485,0.1469,517.299,1.9204,1.3991
"ENSG00000240864",207.966,0.1814,0.0498,0,0.9153,0
"ENSG00000211745",0.1723,84.2753,206.1921,0.0373,0.8243,0
"ENSG00000211970",446.4578,0.5529,0.5615,0.1553,0.1186,0.2892
"ENSG00000197249",97.5173,1.5542,1.1985,2619.0633,6.7777,2533.8295
"ENSG00000234436",2.5968,0,0,105.5582,0.1331,201.255
"ENSG00000253998",201.0475,0.0213,0.0466,0,0,0
"ENSG00000211668",522.5174,0.7275,4.7429,0.1598,11.9243,1.8203
"ENSG00000153563",1.1309,22.8708,1092.002,1.2426,124.0346,0.4434
"ENSG00000211972",416.0234,0.3037,0.1072,0.3187,0.5661,0.1795
"ENSG00000211770",33.4289,110.8298,90.2712,1.933,199.9383,0
"ENSG00000211846",1.411,198.9022,134.4754,0,13.7315,0
"ENSG00000148926",2.8777,0.0913,0.1498,30.4379,0.2662,380.0673
"ENSG00000211952",193.2618,0.8531,0.0628,0.1327,0,0.5155
"ENSG00000239571",192.4944,0,0,0,0,0
"ENSG00000152495",6.4242,262.3017,187.6188,0.1879,0.8024,0.0363
"ENSG00000100368",31.6054,1.3122,0.2646,83.5637,4.7293,691.3593
"ENSG00000276775",372.0738,6.2781,2.0647,0.0969,0.3275,0.1591
"ENSG00000211662",236.3191,0.0398,0.0448,0.0252,0.0647,0.0694
"ENSG00000156738",2827.1799,5.9622,13.2094,1.4055,4.6776,4.6273
"ENSG00000211856",2.8468,187.1019,147.83,0,19.7951,0
"ENSG00000211899",8031.2658,7.0137,7.7649,4.231,11.045,16.4343
"ENSG00000211950",253.5128,0.3094,0.4089,0.0374,2.1518,0.1583
"ENSG00000253755",183.6257,0.049,0.0182,0.0511,0,0.2485
"ENSG00000211791",0.0642,179.8538,86.9117,0,4.1229,0
"ENSG00000211851",3.033,179.0066,161.5814,0,14.4094,0
"ENSG00000277942",82.7743,88.8442,134.591,68.2025,178.7543,0
"ENSG00000251546",284.0075,0.0604,0.1588,0.2266,0.5859,1.9132
"ENSG00000218809",0.4028,0,0,5.4868,0,176.8143
"ENSG00000259626",3.0425,0.057,0,34.0661,1.162,176.5085
"ENSG00000256553",0.0399,71.4568,176.0743,0,0,0
"ENSG00000200397",159.1833,173.623,136.5176,46.7192,64.746,0
"ENSG00000244620",172.5857,0,0.7275,0.1369,0,0
"ENSG00000211934",826.9282,1.1765,0.3811,1.03,0.5614,0.7527
"ENSG00000254395",169.2071,0.1201,0.0413,0,0,0
"ENSG00000211828",0.3129,0.5809,3.5651,0,168.8092,0
"ENSG00000211687",0.6277,49.4033,168.7967,0,41.707,0
"ENSG00000211690",0.6277,49.4033,168.7967,0,41.707,0
"ENSG00000211710",0.1169,362.8276,170.9096,0.1217,0.4344,0.1659
"ENSG00000199695",0.7433,0.8923,0,3.1909,0,166.5412
"ENSG00000255197",6.6438,0.1468,0.0608,266.1144,1.4653,139.0119
"ENSG00000211794",0,163.8834,123.804,0.0437,0,0.1681
"ENSG00000211793",0.1713,162.4886,47.1477,0,0,0.2112
"ENSG00000211706",0.0393,161.8876,56.8038,0,0.1351,0
"ENSG00000211866",1.6327,161.2363,130.205,0,17.3305,0
"ENSG00000256039",0.214,2.6139,161.0966,0.0283,11.2173,0
"ENSG00000211660",287.7785,0.0799,0.1409,0.1308,1.4085,2.6003
"ENSG00000150337",9.4392,0.0152,0.0234,65.9466,0,159.8456
"ENSG00000211721",0,158.0693,130.3396,0.0457,1.2431,0.1591
"ENSG00000239855",157.8935,0.032,0,0,0,2.7552
"ENSG00000269981",2.7874,1.0105,1.7526,19.8668,0,157.37
"ENSG00000175899",2.4613,73.5765,157.1572,2.6501,86.9178,0
"ENSG00000211792",0.0468,156.626,139.5501,0.039,0.6337,0
"ENSG00000211951",156.2395,0,0,0.1071,0,0
"ENSG00000233306",0.432,11.3322,154.7972,0.1934,8.9739,0
"ENSG00000211879",8.4585,153.9891,109.9824,0,3.4326,0
"ENSG00000254709",267.4409,0.0868,0.0764,0.1089,0.6306,0.7863
"ENSG00000274275",5.8206,98.5081,151.2303,4.174,116.5111,0
"ENSG00000211790",0,151.1097,41.2291,0.0379,0,0
"ENSG00000184613",0.3844,115.9872,267.0026,0.0779,3.2899,0.1896
"ENSG00000211847",1.9503,149.9827,140.876,0,6.7993,0
"ENSG00000274576",149.2742,0.0266,0,0.2157,0,0
"ENSG00000135636",2.4376,0.0782,3.1468,23.4067,7.0907,265.9032
"ENSG00000211789",0.0838,95.0479,148.8762,0,0.1248,0
"ENSG00000253883",147.8509,0.2775,0.618,0,0.4198,0
"ENSG00000199405",40.624,0,1.523,110.06,24.316,147.7228
"ENSG00000136869",9.326,0.0901,0.0919,145.3774,1.2692,279.2696
"ENSG00000274752",0,146.6347,45.2912,0,1.6108,0
"ENSG00000095585",247.368,0.0694,0.1729,3.0223,1.5445,0.1769
"ENSG00000211935",1141.9797,8.1813,3.404,0.692,3.9067,6.5696
"ENSG00000211978",144.0595,0.0764,0.0963,0.0997,1.3281,0
"ENSG00000211772",202.3565,2177.3667,2183.1231,4.084,391.1292,1.4348
"ENSG00000211746",0.0352,142.1064,88.2333,0.0218,0.1816,0
"ENSG00000116729",2.1182,0.0038,0,13.6656,0.4355,140.5446
"ENSG00000211734",0.0095,140.4155,60.481,0.0278,0.1312,0
"ENSG00000081041",23.3977,0.2337,0.0601,224.1761,0.837,14.5172
"ENSG00000188906",15.707,0.1537,0.0749,51.9221,0.865,244.5926
"ENSG00000241294",136.4466,0.01,0.0238,0,0.198,0
"ENSG00000211845",1.8866,135.7107,102.7786,0,19.593,0
"ENSG00000211898",721.3618,0.4895,1.2146,0.4335,2.0331,1.1882
"ENSG00000198053",3.726,0.0333,0.0207,49.2154,0.3641,162.6131
"ENSG00000157551",2.0002,0.6571,0.4615,8.381,0.9487,756.4319
"ENSG00000211699",6.9114,49.8136,134.4341,3.8617,22.7361,0
"ENSG00000106066",55.9579,0.5364,1.3924,854.9675,14.4122,2.9245
"ENSG00000211666",1311.5921,20.477,52.2564,1.2149,48.3722,0.8771
"ENSG00000235576",0.873,38.0416,133.4772,0.2616,124.2434,0
"ENSG00000264781",132.9491,4.0466,9.1436,0,0,0
"ENSG00000186074",9.0138,0.1955,0.1294,304.8931,1.7253,144.5726
"ENSG00000066336",12.1401,0.0434,0.0239,89.5172,0.8262,164.188
"ENSG00000176083",0.3121,5.8787,132.3485,0.3062,25.3022,0
"ENSG00000100985",0.8107,0.046,0.0408,0.4359,0.0115,146.2824
"ENSG00000211809",0,51.6046,131.144,0.0386,0,0
"ENSG00000224397",7.2532,0.4296,0.3792,625.7162,4.0833,448.9962
"ENSG00000211850",0,129.1385,106.0212,0,4.2362,0
"ENSG00000211962",583.5377,0.3532,0.3516,0.5143,2.7022,4.7667
"ENSG00000259600",1.3731,0.0026,0,23.0784,1.3787,129.0205
"ENSG00000149131",6.4444,0.048,0.0395,64.4961,0.41,179.3333
"ENSG00000267174",0.42,0,0,8.319,0.0863,128.3457
"ENSG00000169245",12.1373,0.2837,0,128.2553,0.1323,1.2453
"ENSG00000268500",6.1976,0.0065,0.0173,44.458,0.4305,136.0086
"ENSG00000225101",1.9493,0.117,0,39.7078,0.8301,126.7552
"ENSG00000240671",126.298,0.3477,0,0,0,0
"ENSG00000274824",1.1736,18.3946,29.9681,125.29,0,8.287
"ENSG00000257335",0.418,0.0408,0.2948,1.2577,3.3562,176.0603
"ENSG00000186407",17.5753,0.2401,0.2411,421.5392,1.52,2.5094
"ENSG00000175489",32.2232,0.454,0.5405,684.3289,5.7031,505.3315
"ENSG00000265658",0.9664,0,0,35.4019,0.6596,122.6353
"ENSG00000237254",2.0984,101.2772,122.4431,0,0,0
"ENSG00000102445",234.4852,0.0919,0.1049,14.8165,1.8255,218.5242
"ENSG00000105501",8.2651,0.0104,0.0078,39.2854,0.3588,131.3661
"ENSG00000239998",19.9043,0.6293,0.8272,473.8102,4.0729,883.867
"ENSG00000171049",7.0581,0.71,0.6439,108.1181,2.3662,900.7863
"ENSG00000211752",0.6413,71.7183,120.3735,0,1.1906,0
"ENSG00000205809",1.745,1,59.8428,1.9882,281.0867,0.1338
"ENSG00000211849",1.6425,120.0273,97.1956,0,15.7738,0
"ENSG00000136573",257.9468,0.7939,0.631,0.1152,1.0387,0.4201
"ENSG00000226012",0,0,0.0891,1.0797,0,119.7339
"ENSG00000206172",1932.9385,3.6306,1.5168,49.7755,113.0819,468.4684
"ENSG00000237702",0.3415,119.2492,68.1006,0.0562,0,0.1815
"ENSG00000211917",119.197,0,2.5512,0,0,0
"ENSG00000211854",1.8799,119.0891,81.6255,0,11.3709,0
"ENSG00000253936",118.6763,0.1825,0.1235,0,0,0
"ENSG00000275791",0.2283,117.5716,37.3434,0.0569,0,0
"ENSG00000231123",0,0.0195,0,1.2599,0,117.1793
"ENSG00000042980",400.6555,0.2423,0.5772,10.3968,25.7612,24.8661
"ENSG00000177455",335.5998,0.1874,0.2361,0.8659,0.8214,0.3784
"ENSG00000207110",38.1915,116.6592,75.4797,15.4537,20.2759,0
"ENSG00000211885",0.4026,116.0518,71.9128,0,3.8841,0
"ENSG00000174946",0.6537,121.9293,134.9515,0.5286,36.7729,0.0169
"ENSG00000132185",365.8925,0.2209,0.3151,0.3001,1.2127,0.6943
"ENSG00000253132",113.2714,0,0.1478,0,1.3201,0
"ENSG00000211796",0,113.217,59.3304,0,0,0
"ENSG00000165272",60.0585,284.0158,90.9463,0.9038,7.9632,0.1513
"ENSG00000221500",52.091,94.3914,112.218,31.0817,74.0602,0
"ENSG00000163519",0.5714,280.3616,129.8882,0.1794,1.67,0.1514
"ENSG00000171051",26.1974,2.2146,2.1033,339.2918,3.0852,2449.9426
"ENSG00000211835",0,110.7517,38.2943,0,20.5365,0
"ENSG00000108244",0.4591,0.1197,0.0646,1.4343,0.4555,180.769
"ENSG00000111716",228.4376,1325.8893,922.71,92.1311,194.1309,1.112
"ENSG00000211878",0.9037,109.2504,98.3546,0,2.3521,0
"ENSG00000272917",15.9749,0.8354,8.757,0.819,109.1202,0
"ENSG00000223648",108.2083,0.0522,0,0,0,0.1258
"ENSG00000211877",14.5164,108.0482,83.526,0,0,0
"ENSG00000271178",107.9046,0.0428,0.0505,0.0091,0.2558,0
"ENSG00000133048",1.8704,0.4193,0.417,0.551,0.8009,554.5932
"ENSG00000100721",431.4118,0.4169,0.3043,0.3182,1.0559,0.5136
"ENSG00000010671",268.126,0.3485,0.156,272.5579,5.0656,59.9246
"ENSG00000283499",0.3909,65.4666,59.213,0,105.7957,0
"ENSG00000117115",1.7735,0.083,0.091,16.6443,0.807,192.9404
"ENSG00000211844",1.1273,105.3584,100.1442,0,3.2412,0
"ENSG00000211848",0.4317,105.2323,85.0082,0,2.1843,0
"ENSG00000211776",0.1613,104.9828,77.5355,0,0,0
"ENSG00000165929",3.7638,507.7648,418.12,1.781,215.0205,0.385
"ENSG00000211664",104.428,0.3699,2.6902,0.0764,2.1908,0
"ENSG00000211749",2.4475,91.9611,104.1471,0,1.2406,0
"ENSG00000172673",0.1716,97.981,169.596,0.1067,10.786,0.063
"ENSG00000211778",0,73.7272,103.5994,0,0,0
"ENSG00000211886",0.7795,103.5411,79.8566,0,6.1949,0
"ENSG00000170458",70.8415,1.3391,0.5281,645.8844,1.5492,338.5088
"ENSG00000211650",102.479,0.018,0,0.0487,0,0.6556
"ENSG00000207306",7.5829,77.5724,65.1175,0.8374,102.2968,0
"ENSG00000105352",2.3104,7.3867,0.1949,30.2594,0.1702,275.2838
"ENSG00000211862",0.9773,101.4361,74.9025,0,10.5965,0
"ENSG00000167434",0.1224,0,0,0.0813,0,100.9021
"ENSG00000167286",0.9012,276.1265,307.7105,1.2103,52.246,0.2059
"ENSG00000211658",100.0835,0.25,0.3061,0,0.5608,0.1623
"ENSG00000211799",0,37.3286,99.6057,0.0721,0,0
"ENSG00000211867",0.3878,96.4857,99.4632,0,7.4161,0
"ENSG00000211883",0,99.4101,68.9398,0,0,0
"ENSG00000211911",99.3597,0,0,0,0,0
"ENSG00000081189",354.2641,0.2578,0.4303,181.4588,13.7527,54.636
"ENSG00000167850",5.5716,0.0347,0.1008,132.675,7.3829,3.0111
"ENSG00000204103",2.2077,0.0152,0.0128,111.1164,0.2374,3.4918
"ENSG00000131401",234.8476,0.139,0.3455,114.2116,5.339,0.8515
"ENSG00000166927",37.2022,0.9475,0.8752,958.6236,6.0418,3.1138
"ENSG00000109452",0.2758,179.091,87.7719,0.647,4.0198,0.0826
"ENSG00000281990",97.6211,10.0883,14.4487,0.6033,23.9181,0
"ENSG00000279332",32.7319,173.7947,115.5781,42.5172,62.9531,0.0789
"ENSG00000211642",96.3951,0,0,0.1793,0,0
"ENSG00000154589",7.1119,6.0655,1.7,26.494,0.0638,157.9782
"ENSG00000100450",6.5189,113.4981,727.7497,8.8499,888.6368,0.8263
"ENSG00000124102",0.0114,0.0352,0,0.1234,0,95.7594
"ENSG00000198019",3.4161,0.0518,0.1258,35.8853,0.496,145.1656
"ENSG00000163600",0.1326,94.8454,48.8765,0.1634,2.2775,0
"ENSG00000211836",0.4604,94.593,50.2042,0,24.305,0
"ENSG00000182022",20.8825,0.1591,0.064,115.3096,0.5681,155.1124
"ENSG00000226660",0.0773,94.2517,77.0264,0.222,0,0
"ENSG00000182487",143.2861,1.2537,0.7198,116.6807,1.3804,771.9685
"ENSG00000165178",109.4684,0.5605,0.5573,104.5011,0.9356,618.2687
"ENSG00000106565",25.4081,0.1869,0.0853,173.653,0.2818,1.8211
"ENSG00000158481",124.1944,0.0582,0.0336,19.9098,3.282,0.3625
"ENSG00000241657",0.0254,92.2,73.7543,0,0,0
"ENSG00000126353",175.6916,622.1097,504.8983,0.8836,28.7457,0.5771
"ENSG00000138119",2.7904,0.0113,0.0172,101.6434,0.2538,0.406
"ENSG00000187796",2.7087,0.3454,0.0153,105.2458,0.8397,3.7399
"ENSG00000211875",1.7849,90.6929,46.1823,0,0,0
"ENSG00000211807",0,90.1246,45.1829,0,0,0.1171
"ENSG00000108405",26.7277,0.076,0.1168,158.4512,0.3917,110.8581
"ENSG00000211814",0,89.7524,56.3926,0,1.377,0.4274
"ENSG00000211797",0.0722,89.7031,88.9606,0,0,0
"ENSG00000276566",88.9514,0,0,0,0,0
"ENSG00000101916",3.6444,0.0159,0.0139,76.1655,0.5751,100.8728
"ENSG00000259379",1.2414,0.0024,0.0069,17.2059,0.298,90.4062
"ENSG00000211863",0.7816,71.1901,88.151,0,4.7041,0
"ENSG00000211803",0,86.9599,20.3883,0.0494,0,0
"ENSG00000110448",3.5227,290.6541,200.7783,1.0361,4.1084,0.2364
"ENSG00000211840",3.2371,86.3176,53.8515,0,46.1152,0
"ENSG00000211968",86.1345,0.0357,0,0,0.1438,0
"ENSG00000211880",1.2892,85.7097,53.5489,0,0,0
"ENSG00000254174",85.5813,0.8767,0.1377,0,0.6572,2.4625
"ENSG00000211724",0.2159,85.3634,42.3031,0,0,0
"ENSG00000211786",0.0125,85.2707,49.3718,0,0,0
"ENSG00000110079",1.8861,0,0,84.6774,0.6599,0.5303
"ENSG00000211728",0.2607,83.6363,76.553,0,3.0617,0
"ENSG00000062282",10.3613,0.368,0.4209,12.5181,0.4913,390.935
"ENSG00000173334",11.496,0.7927,0.3637,36.4164,0.1775,231.7132
"ENSG00000211817",0.1047,83.2954,79.2649,0,0,0.5331
"ENSG00000276953",0.2593,82.7677,67.3777,0.1932,2.4131,0
"ENSG00000283063",0,82.7584,50.7992,0.0476,0.6259,0
"ENSG00000258732",1.3135,46.0671,14.0323,173.9163,29.8075,0.1103
"ENSG00000261222",3.1009,0.0486,0.065,122.3816,1.1303,21.2323
"ENSG00000230099",0.1847,81.89,40.209,0.0248,2.7692,0
"ENSG00000151948",0.7857,0.0068,0.0102,8.6917,0.1656,86.6808
"ENSG00000244482",9.222,0.5149,0.375,242.798,0.5076,382.9778
"ENSG00000104921",174.1309,0.1171,0.1784,2.9884,0.3994,1.1518
"ENSG00000277632",116.0696,1.2684,10.3355,1092.746,61.7084,63.4302
"ENSG00000211820",0.1823,79.7615,43.7423,0,0.5399,0
"ENSG00000211826",2.9844,0,4.3134,0,79.6116,0
"ENSG00000211777",0.0159,56.675,79.4652,0.0269,0.1145,0
"ENSG00000211751",12.5584,1509.694,1166.7449,5.5686,569.1078,1.7978
"ENSG00000276557",0.1439,79.2906,24.7695,0.0384,0.1641,0
"ENSG00000275743",0.0624,36.7142,79.225,0.0767,0.1317,0
"ENSG00000211795",0.0174,79.1467,52.9918,0,0.0824,0.3261
"ENSG00000211812",0,78.5594,59.9899,0,0,0
"ENSG00000137078",68.6462,123.0454,103.0845,0.0568,0.2372,0.3933
"ENSG00000223931",77.854,0.0793,0,0,0,0
"ENSG00000271130",77.7797,0.0329,0.042,0,0,0
"ENSG00000238317",29.4821,55.0623,77.5914,9.8302,29.0766,0
"ENSG00000274172",77.3977,0,0,0,0,0
"ENSG00000277030",77.3977,0,0,0,0,0
"ENSG00000180739",2.5974,23.7735,113.3824,4.0241,514.5459,0.5649
"ENSG00000259092",0,39.7452,76.0923,0,1.2684,0
"ENSG00000211884",0,63.4176,76.0916,0,6.6503,0
"ENSG00000211973",75.9796,0.0475,3e-04,0,0.0037,2e-04
"ENSG00000140511",2.1465,92.5501,51.1464,1.4073,7.9933,0.0225
"ENSG00000165092",8.4311,0.0148,0.0422,75.4218,0,0.4588
"ENSG00000211750",0.3008,75.4022,64.6196,0.057,2.7601,0
"ENSG00000255518",75.3792,0.9072,0.2168,0.0272,0.2112,0
"ENSG00000282602",0.4174,0.3148,0.1066,1.1784,0.4408,155.7262
"ENSG00000211805",0.0302,42.6831,75.0545,0.0603,0,0
"ENSG00000211815",0.1732,53.3086,74.9562,0,0.196,0
"ENSG00000211800",0,74.5335,73.6171,0,0,0
"ENSG00000211717",0,13.3661,74.3399,0.1131,0.8853,0
"ENSG00000208772",48.5241,68.4376,71.0427,27.4483,74.2368,0
"ENSG00000233392",0.5101,0.0386,0.0584,102.8837,0.1082,0.2774
"ENSG00000239948",2.8533,0.8233,0.3746,106.3421,1.7092,350.865
"ENSG00000278661",1.7945,73.6277,72.0369,0,1.6666,0
"ENSG00000173372",0.9196,0,0,73.3113,0.0944,0.1648
"ENSG00000205810",0.3996,0.5265,23.5682,0.6775,72.9341,0
"ENSG00000199024",8.2802,7.6011,6.644,11.2028,0,72.2779
"ENSG00000211810",0.1474,124.1356,125.4478,0.0746,0.1129,0.1265
"ENSG00000211698",2.1549,12.0569,71.5861,1.0868,15.1483,0
"ENSG00000251149",71.5065,0,0,0.0984,0,0
"ENSG00000154928",0.7416,0.2374,0.1715,0.4404,1.1656,193.9275
"ENSG00000211855",0,63.1407,71.2579,0,6.705,0
"ENSG00000231412",1.0812,0.1073,0.3862,1.4983,0,71.0494
"ENSG00000211655",70.0608,0.0235,0,0,0,0.2124
"ENSG00000241721",0.1039,0,0.0612,7.0108,0,69.598
"ENSG00000211873",0.7496,69.4486,41.5059,0,0,0
"ENSG00000011600",28.7249,1.6353,17.8822,615.5833,291.09,1204.192
"ENSG00000211882",1.1111,69.2781,38.7411,0,7.2872,0
"ENSG00000138772",3.7631,0.4002,0.3902,1.0356,0.8585,339.2637
"ENSG00000268849",2.2685,0,0,68.2848,1.1701,6.0823
"ENSG00000198851",1.9904,514.4286,590.5071,1.5547,159.4701,0.7642
"ENSG00000253364",68.2246,0.0181,0,0,0,0
"ENSG00000114013",86.2539,0.358,0.6793,285.0833,3.0775,0.3215
"ENSG00000124491",11.4741,0.1661,0.0053,71.0968,1.8344,4.8617
"ENSG00000250688",0,67.2487,28.7012,0,20.675,0
"ENSG00000158473",24.6921,0.0248,0.0221,81.9683,1.2057,5.4369
"ENSG00000172005",1.3984,173.1054,59.6417,0.1584,0.1894,0.4372
"ENSG00000185215",43.9543,1.3869,1.5293,559.4329,3.2922,995.4097
"ENSG00000138639",81.2438,0.0978,0.0217,24.4076,0.1811,16.5465
"ENSG00000146094",119.1126,0.5803,0.9254,224.4572,1.4483,453.1691
"ENSG00000254415",28.7336,0.1778,0.3171,152.0161,3.0571,184.6555
"ENSG00000105369",838.2887,5.3832,8.6323,1.2636,1.5554,1.164
"ENSG00000172322",23.4281,0.6403,1.6564,487.8935,12.7667,132.6027
"ENSG00000204020",1.5737,0.3182,0.1039,65.7828,0,25.8093
"ENSG00000113303",0.3026,0.096,0.227,0.6096,0.4467,128.1256
"ENSG00000119866",437.2375,0.7441,0.569,71.0671,5.8496,9.3411
"ENSG00000254056",65.2126,0.3374,0.0889,0.0896,0,0
"ENSG00000253234",65.1108,0.0987,0.0965,0.1019,0,0
"ENSG00000102245",0.234,162.9725,11.5151,0.2336,0.7521,0.1507
"ENSG00000058091",64.698,0.6824,0.4516,3.2218,0,14.0087
"ENSG00000183019",4.259,0.0421,0.1482,33.2466,0.0184,76.1925
"ENSG00000277443",14.8971,0.0154,0.0039,66.8288,0.0978,48.645
"ENSG00000187116",16.7905,1.0506,0.7112,521.7236,3.2091,271.9538
"ENSG00000163421",0.7909,5.0413,13.4466,7.5143,6.3846,571.054
"ENSG00000278263",63.3457,5.2802,1.2107,0.2142,7.8658,0
"ENSG00000166523",11.7935,0.9197,1.0754,119.4649,1.3136,644.2944
"ENSG00000235568",10.6439,0.3644,0.3554,161.6301,1.6758,287.657
"ENSG00000083454",277.4179,11.6648,11.7015,1.1181,3.674,0.3393
"ENSG00000211876",0.3414,62.9799,50.1118,0,1.766,0
"ENSG00000101439",38.8899,1.1876,2.4806,809.9416,17.8928,68.1101
"ENSG00000116791",25.8831,33.8621,38.1295,8.0026,62.4923,0
"ENSG00000119457",3.5131,0.0382,0.0103,68.9318,0.1513,0.418
"ENSG00000211818",0.0635,33.7489,62.3166,0,1.6703,1.0008
"ENSG00000274536",7.9465,0.2465,0.2313,31.2917,3.2083,205.5716
"ENSG00000211887",0.3082,49.6176,61.9581,0,0,0
"ENSG00000167633",1.1652,1.0921,31.7679,2.0802,266.595,0.3345
"ENSG00000275538",11.112,3.0787,4.2422,61.2076,1.482,0
"ENSG00000196542",0.2234,1.1848,1.2096,0.6452,60.6129,0
"ENSG00000169403",23.8326,1.0786,1.2858,154.7946,1.5968,714.6488
"ENSG00000211691",1.591,4.0026,34.1486,0,60.393,0
"ENSG00000100473",105.5207,0.8671,1.0175,0.7796,0.0757,0.4019
"ENSG00000211834",0,59.665,25.9982,0,10.2383,0
"ENSG00000173110",4.9703,0.3294,1.7482,37.7561,7.977,256.468
"ENSG00000211861",0,59.5969,57.8409,0,6.1128,0
"ENSG00000211782",0.0191,59.492,39.5379,0,0,0
"ENSG00000162496",2.3069,66.2901,60.2299,2.7418,199.8838,0.2361
"ENSG00000211923",59.0676,0,0,0,0,0
"ENSG00000255801",0.0561,0.0125,0,1.5443,0,58.8934
"ENSG00000128218",58.8174,0.0136,0.023,0.177,0,0.1793
"ENSG00000168461",35.0946,0.2324,0.6146,122.9284,2.9757,195.3851
"ENSG00000211639",58.6882,0.0192,0,0,0,0
"ENSG00000168081",57.6209,0.0209,0,1.2979,0.086,0
"ENSG00000278766",22.0788,57.4604,53.5484,2.0874,53.9955,0
"ENSG00000152672",0.5246,0.002,0.0037,58.5459,0.3488,0.3556
"ENSG00000211888",0.4289,57.3616,48.5143,0,8.0212,0
"ENSG00000007312",819.3193,32.6022,15.4048,101.1212,25.8845,1.3291
"ENSG00000166527",2.64,0.0239,0.0063,22.4522,0.0284,60.6504
"ENSG00000135218",29.3478,0.5299,0.5351,358.5937,2.501,2.5602
"ENSG00000164125",4.0915,0.0099,0.0358,62.2024,0.2294,0.5372
"ENSG00000165591",5.1848,56.5259,17.4953,0.0054,0.0157,0
"ENSG00000211667",8.97,23.0814,56.4599,0.1782,44.7394,0
"ENSG00000255641",0.7864,0.5329,28.8472,0.7113,89.9153,0.0592
"ENSG00000211871",8.7229,56.1551,36.3243,0,3.2412,0
"ENSG00000212493",37.9534,47.0074,55.8212,13.9104,40.0901,0
"ENSG00000211714",0.2563,54.9062,55.6598,0.8557,0,0
"ENSG00000264539",26.8163,30.5417,55.6044,2.6638,40.3954,0
"ENSG00000255569",0.1729,55.526,50.9969,0,0.1851,0
"ENSG00000139193",102.4085,181.4392,161.1793,0.2488,3.2,0.227
"ENSG00000175857",186.7598,0.2372,1.3503,121.9889,1.9964,145.8977
"ENSG00000127954",1.4476,0.5071,0.5681,12.9684,0.6627,335.5187
"ENSG00000258082",1.5974,0,0,11.7072,0,55.1085
"ENSG00000138378",5.2107,216.0122,360.35,6.8503,566.3781,0.928
"ENSG00000276405",0,36.1623,54.9701,0.0454,0.8221,0
"ENSG00000111052",0.507,0.0209,0.0175,5.3669,0.0057,58.0617
"ENSG00000173369",0.7042,0.0412,0,54.8138,0.0419,0.1453
"ENSG00000036448",28.79,70.7082,242.0807,28.8076,3513.1274,6.3336
"ENSG00000136111",1.4373,62.4694,28.3532,4.5713,1.2785,0.0147
"ENSG00000233355",0.4328,260.2238,126.1661,1.4127,19.9602,0.378
"ENSG00000227191",1.9403,150.6732,651.1411,1.5361,215.2752,1.0963
"ENSG00000279463",16.9284,40.5749,42.5807,4.2699,54.2697,0
"ENSG00000131724",10.0847,0.127,0.1262,25.0557,0.7271,122.5516
"ENSG00000189013",0.2204,0.0232,1.238,3.3578,66.587,1.5528
"ENSG00000164330",136.858,0.9623,0.6834,0.1536,0.1801,0.412
"ENSG00000113088",0.3629,65.7051,223.8714,0.3148,43.0867,0.5079
"ENSG00000116667",1.037,10.1648,47.0028,1.609,130.7465,0.1427
"ENSG00000158517",347.9275,5.1784,5.0224,410.2184,10.4598,2757.4542
"ENSG00000211806",0,53.5273,40.1797,0,0,0
"ENSG00000128918",6.546,0.6801,1.1032,83.2406,3.6462,417.0002
"ENSG00000211839",0,53.2138,34.4004,0,0,0
"ENSG00000216490",242.1519,4.0297,5.3418,2200.2429,17.0913,312.54
"ENSG00000229754",3.5283,0.0893,0.0862,98.8821,0.5827,3.4878
"ENSG00000211872",0.7531,52.9421,38.2001,0,0,0
"ENSG00000196209",4.1232,0.2348,0.1494,78.0463,0.8902,131.4048
"ENSG00000166289",3.1293,17.5131,24.8242,1.1613,114.1393,0.1167
"ENSG00000276699",0,52.3945,42.7043,0,0,0
"ENSG00000258819",0.2147,0.3305,0.2216,0.0797,0.0211,63.3539
"ENSG00000240505",121.8507,0.4066,0.2553,0.2775,0.1329,0.4829
"ENSG00000258531",0.2838,5.7838,4.8342,1.4654,0,52.1942
"ENSG00000245164",2.2736,262.2987,225.105,2.9103,267.1363,0.4138
"ENSG00000120594",6.702,0.2234,0.1893,132.4707,7.8038,150.3335
"ENSG00000160654",1.5965,527.4285,681.066,1.5211,96.8634,1.2143
"ENSG00000121552",2.05,0.0051,0.0178,35.3556,0.1457,54.22
"ENSG00000183918",1.4378,96.8967,158.6316,1.4195,185.9052,0.2612
"ENSG00000271938",8.7878,50.8498,23.553,0,15.3179,12.1594
"ENSG00000206754",21.4185,38.4551,50.7804,13.2052,23.3253,0
"ENSG00000174500",26.2722,50.6911,32.0478,0.2649,1.8094,0
"ENSG00000171130",28.5473,139.8194,138.468,17.445,65.6961,0.1756
"ENSG00000121316",39.6188,1.1098,0.8268,468.6484,3.0609,468.0684
"ENSG00000164251",1.7402,5.6468,2.2158,7.9574,0.0456,73.4043
"ENSG00000211670",50.3397,7.1717,11.1894,0,9.8038,0
"ENSG00000211865",0,50.2876,42.1481,0,0,0
"ENSG00000115523",22.4746,220.5748,1119.5937,46.4094,5416.8791,10.6908
"ENSG00000211684",50.0963,0.4343,0,0,0,0
"ENSG00000223177",1.1521,3.3559,0,16.2686,1.5857,49.7384
"ENSG00000114779",65.6604,104.8354,90.7217,33.4997,76.74,0.111
"ENSG00000165025",192.2647,0.3394,0.2872,146.6936,43.4713,174.8807
"ENSG00000211864",0.532,49.5734,45.0635,0,9.0023,0
"ENSG00000181847",3.3895,62.3603,105.9034,2.0144,157.4432,0.218
"ENSG00000090376",3.3668,0.2537,0.0659,81.9229,0.8061,23.913
"ENSG00000138061",8.0593,0.094,0.1528,95.7756,0.3689,11.1293
"ENSG00000254826",0.3161,0.0059,0.0142,0.6588,0,49.3005
"ENSG00000019991",1.5598,0.0948,0.0067,52.4939,0.3082,4.2358
"ENSG00000182199",149.0422,69.8487,45.9384,53.7847,56.4408,0.2034
"ENSG00000163534",757.5218,3.5334,1.8428,7.9826,1.4426,4.8013
"ENSG00000213809",30.8881,58.4086,1482.6041,14.1482,1698.6271,3.3761
"ENSG00000166428",129.3837,0.3111,0.1661,114.3181,6.7816,1.0962
"ENSG00000211625",48.5412,0.0251,0.0341,0,0.1675,0
"ENSG00000214212",8.464,0.5599,0.2355,162.8442,1.7771,93.007
"ENSG00000187922",48.3816,0.7384,1.6778,0.0178,0.1511,0
"ENSG00000282499",0.5022,48.3724,34.9043,0.1733,5.6202,0
"ENSG00000253087",0,0,0,0,0,47.8064
"ENSG00000186810",22.9629,53.1748,79.4516,0.1783,32.9118,0.0666
"ENSG00000101307",15.846,8.6633,9.2423,255.2663,0.9511,501.4024
"ENSG00000174171",13.1997,53.2907,65.1346,0.6649,25.2256,0.0368
"ENSG00000267369",0.7663,33.7243,47.4682,0.6115,44.6036,0
"ENSG00000253763",47.4577,0.0191,0,0,0,0
"ENSG00000254052",0,18.3024,26.4901,0.498,47.45,0
"ENSG00000171236",1.8713,0.9685,0.9556,6.8201,1.0765,501.7972
"ENSG00000124772",170.7871,0.4683,0.2606,1.8636,0.3515,1.8436
"ENSG00000157978",24.7889,276.4045,259.6257,13.5823,51.4718,0.4844
"ENSG00000204577",14.1187,2.2593,2.3508,402.7681,2.2467,1108.542
"ENSG00000211829",9.81,27.6532,9.8103,11.8636,1741.1225,3.6046
"ENSG00000185101",24.3857,71.612,53.3546,0.222,8.52,0.0526
"ENSG00000159713",0.9024,0.0346,0,46.8591,0.2151,1.1668
"ENSG00000137462",7.3599,1.0143,0.4436,126.9224,0.824,254.854
"ENSG00000223350",46.755,0.0609,0,0,0,0
"ENSG00000206869",46.7458,0,0.3154,0,0,0
"ENSG00000254281",6.2114,0.2389,0.3972,53.0864,0.5862,158.4088
"ENSG00000234506",0.2336,0.1615,0.224,8.2998,0.6552,122.1446
"ENSG00000089012",0.1668,124.1894,111.8293,0.852,2.1831,1.1953
"ENSG00000211838",0,46.367,30.5915,0,0,0
"ENSG00000005059",79.2656,212.8696,158.3127,81.241,53.8513,0.3589
"ENSG00000263675",28.8719,31.956,29.1968,14.7562,46.285,0
