,SRR1550981,SRR1551053,SRR1551060,SRR1551074
10:100232925:-,0.0,0.0,0.2352941176470588,0.0
10:100233052:-,0.2692307692307692,0.0,0.0,0.0
10:70404397:+,0.0,0.0,0.0576923076923076,0.0
10:72234878:+,0.0,0.1153846153846153,0.0,0.0
10:72234933:+,0.2307692307692307,0.2,0.0,0.0
10:73249117:-,0.1153846153846153,0.1904761904761904,0.0,0.15
10:73250083:-,0.25,0.0,0.3636363636363636,0.0
11:108365741:+,0.0,0.0,0.1111111111111111,0.0
11:108367225:+,0.0,0.0697674418604651,0.1282051282051282,0.0
11:108367260:+,0.0,0.0,0.1052631578947368,0.0
11:118748642:-,0.0581395348837209,0.0,0.0,0.0
11:65321908:+,0.1132075471698113,0.0,0.0,0.1111111111111111
11:65375817:-,0.2307692307692307,0.0,0.0,0.0
11:65774548:-,0.0,0.1428571428571428,0.0,0.0
11:65774680:-,0.0714285714285714,0.0,0.0,0.0
11:65775966:-,0.2142857142857142,0.0,0.0,0.0
11:65776162:-,0.0,0.0,0.2352941176470588,0.0
11:65776696:-,0.0,0.0,0.0,0.1304347826086956
11:65776909:-,0.16,0.1923076923076923,0.0,0.0
11:65776910:-,0.3181818181818182,0.0,0.0,0.0
11:65776998:-,0.0,0.1904761904761904,0.0,0.0
11:65777018:-,0.1923076923076923,0.0,0.1428571428571428,0.0
11:65777031:-,0.1818181818181818,0.1428571428571428,0.1428571428571428,0.0
11:65777051:-,0.3076923076923077,0.25,0.0,0.0
11:74455855:-,0.1111111111111111,0.0,0.0,0.1702127659574468
11:74455865:-,0.0769230769230769,0.0,0.0,0.0
11:74456110:-,0.0,0.0,0.1111111111111111,0.0
12:10315251:+,0.0,0.0,0.125,0.0
12:10315315:+,0.0,0.0,0.1111111111111111,0.0
12:10315372:+,0.0,0.0,0.09375,0.0
12:10316495:+,0.0,0.0,0.2727272727272727,0.0
12:10316588:+,0.0,0.0,0.2666666666666666,0.0
12:132721836:+,0.0,0.6363636363636364,0.0,0.3636363636363636
12:50930529:+,0.1904761904761904,0.0,0.0,0.0
12:50930652:+,0.0,0.1142857142857142,0.0,0.1739130434782608
12:50930712:+,0.1739130434782608,0.0,0.0,0.0
12:50930722:+,0.1785714285714285,0.1428571428571428,0.0,0.0
12:50930855:+,0.2352941176470588,0.1935483870967742,0.25,0.3181818181818182
12:50931606:+,0.0,0.1428571428571428,0.0,0.1428571428571428
12:68843262:+,0.1875,0.0,0.25,0.0
12:68843275:+,0.0,0.0,0.1071428571428571,0.0
12:68843753:+,0.2571428571428571,0.0,0.1666666666666666,0.0
12:68843777:+,0.1923076923076923,0.0,0.0,0.1875
12:98548842:+,0.0,0.2,0.1428571428571428,0.1923076923076923
12:98548864:+,0.0,0.0,0.0,0.1071428571428571
12:98549106:+,0.0,0.0,0.8,0.0
12:98549232:+,0.0,0.0,0.12,0.0
12:98549317:+,0.3636363636363636,0.0,0.2105263157894736,0.15
12:98549324:+,0.2105263157894736,0.1304347826086956,0.0,0.0
12:98549422:+,0.1071428571428571,0.0,0.0,0.0
12:98733695:+,0.0,0.1333333333333333,0.2592592592592592,0.0
12:98734992:+,0.0666666666666666,0.0,0.0816326530612244,0.0
12:98735013:+,0.253012048192771,0.2666666666666666,0.1851851851851851,0.1311475409836065
13:19672218:+,0.2142857142857142,0.1481481481481481,0.0,0.0
13:19672261:+,0.2857142857142857,0.0,0.3529411764705882,0.2666666666666666
13:19672882:+,0.2352941176470588,0.1875,0.1851851851851851,0.2083333333333333
13:19672883:+,0.0857142857142857,0.0,0.1923076923076923,0.25
13:19672934:+,0.2857142857142857,0.1212121212121212,0.1935483870967742,0.1304347826086956
13:21374437:-,0.0,0.0,0.3333333333333333,0.2105263157894736
13:21374915:-,0.0,0.0,0.2105263157894736,0.0
14:105049679:-,0.0,0.25,0.0,0.0
14:20366332:-,0.2941176470588235,0.1538461538461538,0.0,0.2307692307692307
14:20366333:-,0.0,0.0,0.1578947368421052,0.0
14:20366932:-,0.125,0.0,0.1304347826086956,0.0
14:20366961:-,0.0,0.0,0.15,0.1153846153846153
14:20367118:-,0.0,0.0,0.0,0.25
15:34231141:-,0.1290322580645161,0.0,0.0,0.0
15:34231314:-,0.16,0.1428571428571428,0.12,0.0
15:34231354:-,0.1428571428571428,0.0,0.1612903225806451,0.0
15:34231649:-,0.2,0.2352941176470588,0.0,0.0
15:34231665:-,0.1025641025641025,0.1363636363636363,0.1842105263157894,0.0
15:34231753:-,0.3333333333333333,0.3846153846153846,0.2105263157894736,0.0
15:34231975:-,0.0,0.0,0.0,0.1428571428571428
15:34232343:-,0.1176470588235294,0.0,0.0,0.0652173913043478
15:34232454:-,0.0,0.0,0.1333333333333333,0.0
15:34232506:-,0.0,0.0,0.0930232558139534,0.0
15:42531589:+,0.075,0.0714285714285714,0.050632911392405,0.0526315789473684
15:89196098:+,0.0,0.0,0.125,0.2105263157894736
15:89196116:+,0.0,0.0,0.2,0.1764705882352941
16:10931231:+,0.0,0.2,0.0,0.0
16:10931633:+,0.0,0.1764705882352941,0.0,0.0
16:10931691:+,0.3333333333333333,0.0,0.3333333333333333,0.0
16:10931796:+,0.3,0.0,0.0,0.0
16:10936195:+,0.0,0.1363636363636363,0.0,0.0
16:12660855:-,0.24,0.0,0.0,0.0
16:12660894:-,0.12,0.0,0.0,0.0
16:12661027:-,0.0,0.0,0.0,0.1764705882352941
16:12661105:-,0.3846153846153846,0.0,0.25,0.0
16:21640034:-,0.16,0.0,0.0,0.1590909090909091
16:21640137:-,0.25,0.3157894736842105,0.217391304347826,0.3617021276595745
16:21640166:-,0.0,0.0,0.0,0.0921052631578947
16:21640183:-,0.0619469026548672,0.1304347826086956,0.0,0.0
16:21640210:-,0.0777777777777777,0.0,0.0,0.0789473684210526
16:21640719:-,0.0833333333333333,0.0,0.0,0.0
16:21640740:-,0.0634920634920634,0.0,0.0,0.0
16:29665078:+,0.0,0.074074074074074,0.0,0.0
16:29667654:+,0.0,0.0701754385964912,0.088235294117647,0.0
16:29667730:+,0.0,0.0,0.0638297872340425,0.0
16:29668228:+,0.0,0.0952380952380952,0.0,0.0
16:29668306:+,0.0,0.12,0.2,0.0
16:29668509:+,0.0,0.2941176470588235,0.2941176470588235,0.0
16:29668712:+,0.0,0.1739130434782608,0.0,0.0
16:29668965:+,0.0,0.1944444444444444,0.1470588235294117,0.0
16:29669100:+,0.0,0.0833333333333333,0.1111111111111111,0.0
16:29669949:+,0.0,0.0769230769230769,0.0,0.1875
16:29669981:+,0.0,0.1666666666666666,0.1538461538461538,0.0
16:29670009:+,0.0,0.05,0.0,0.0
16:29670049:+,0.25,0.0677966101694915,0.0,0.1724137931034483
16:29670138:+,0.0,0.0576923076923076,0.0588235294117647,0.0909090909090909
16:29670367:+,0.0,0.0,0.0,0.2068965517241379
16:3242105:-,0.0,0.0,0.0,0.0769230769230769
16:3242117:-,0.09009009009009,0.0,0.0727272727272727,0.0588235294117647
16:3242199:-,0.0620155038759689,0.09375,0.12,0.0
16:50105571:+,0.2727272727272727,0.2727272727272727,0.25,0.0
16:50673292:-,0.0,0.0789473684210526,0.0,0.0
16:57683958:+,0.0,0.1052631578947368,0.1157894736842105,0.0
16:75445992:-,0.0,0.0,0.2307692307692307,0.0
16:75446008:-,0.0,0.0,0.3333333333333333,0.0
17:17186597:+,0.0,0.2666666666666666,0.0,0.0
17:31534384:+,0.2727272727272727,0.0,0.0,0.0
17:31534509:+,0.0,0.0,0.3076923076923077,0.0
17:35271156:+,0.0,0.0,0.1764705882352941,0.0
17:37515695:-,0.25,0.0,0.2608695652173913,0.0
17:38919642:+,0.0526315789473684,0.0588235294117647,0.0,0.0
17:39759158:-,0.1666666666666666,0.0,0.0,0.0
17:39759293:-,0.1538461538461538,0.1153846153846153,0.1428571428571428,0.0
17:39759379:-,0.0,0.0,0.1282051282051282,0.0
17:39760596:-,0.0,0.0,0.15,0.0
17:39761057:-,0.0,0.25,0.2307692307692307,0.0
17:39761481:-,0.0,0.0,0.1071428571428571,0.0
17:39761941:-,0.0,0.0,0.1428571428571428,0.0
17:39762629:-,0.0,0.0,0.2142857142857142,0.0
17:440932:-,0.0833333333333333,0.0,0.1176470588235294,0.0
17:441981:-,0.0588235294117647,0.0,0.0638297872340425,0.1538461538461538
17:441991:-,0.0,0.0,0.0588235294117647,0.0
17:64322853:-,0.0547263681592039,0.0714285714285714,0.0,0.0
17:64322885:-,0.0784313725490196,0.0,0.0,0.0
17:64322996:-,0.0536912751677852,0.0,0.0729166666666666,0.1
17:75889857:-,0.1666666666666666,0.0,0.0,0.2727272727272727
17:75943995:-,0.3076923076923077,0.0,0.0,0.0
17:75944038:-,0.3846153846153846,0.3,0.0,0.2727272727272727
17:78109578:-,0.0,0.0754716981132075,0.050632911392405,0.0
18:32072115:+,0.2307692307692307,0.0,0.0,0.0
18:32072155:+,0.15,0.375,0.1904761904761904,0.1875
19:13772619:+,0.0,0.25,0.0,0.0
19:13773912:+,0.2,0.0,0.0,0.0
19:13773924:+,0.0,0.1578947368421052,0.0,0.0
19:14734323:-,0.1304347826086956,0.0,0.0,0.0
19:14734437:-,0.0666666666666666,0.0,0.0,0.0
19:14734644:-,0.1875,0.0,0.0,0.0
19:14734717:-,0.0,0.0,0.0,0.1875
19:15661100:+,0.1111111111111111,0.1176470588235294,0.0,0.0
19:15661114:+,0.2083333333333333,0.0,0.0,0.0
19:15661150:+,0.0,0.6666666666666666,0.0,0.7333333333333333
19:15661206:+,0.2692307692307692,0.2352941176470588,0.1739130434782608,0.1764705882352941
19:15661211:+,0.1578947368421052,0.0,0.0,0.0
19:15661251:+,0.0,0.0517241379310344,0.0930232558139534,0.0
19:17552437:+,0.3414634146341463,0.0,0.0,0.0
19:17552438:+,0.0,0.2727272727272727,0.0,0.0
19:17552485:+,0.0930232558139534,0.0,0.0,0.0
19:17552652:+,0.2592592592592592,0.0,0.0,0.0
19:17552661:+,0.1578947368421052,0.0,0.0,0.0
19:17552817:+,0.1034482758620689,0.0,0.0,0.0
19:17552828:+,0.1714285714285714,0.0,0.0,0.0
19:17552838:+,0.1707317073170731,0.0,0.0,0.0
19:17553031:+,0.0,0.0,0.2666666666666666,0.0
19:17825711:-,0.0,0.0,0.0566037735849056,0.0
19:17826378:-,0.0,0.0,0.06,0.0
19:18173936:+,0.0820895522388059,0.0,0.0632279534109817,0.0
19:19177394:-,0.2352941176470588,0.0,0.0,0.0
19:19682923:+,0.1071428571428571,0.0,0.0,0.0
19:2072971:-,0.0,0.0545454545454545,0.0555555555555555,0.0
19:35746747:+,0.0,0.0535714285714285,0.0,0.0
19:38869066:-,0.0,0.0,0.1875,0.0
19:41323065:+,0.1428571428571428,0.0,0.0,0.0
19:4511817:+,0.3636363636363636,0.0,0.0,0.0
19:4522774:-,0.0,0.0,0.0,0.3333333333333333
19:4523012:-,0.15625,0.0,0.0,0.0
19:47342098:+,0.2083333333333333,0.0,0.0,0.0
19:47342619:+,0.2352941176470588,0.0,0.0,0.0
19:47343547:+,0.0769230769230769,0.0,0.0,0.15
1:150731017:-,0.0776699029126213,0.0,0.0956521739130434,0.0
1:150731136:-,0.3703703703703703,0.2571428571428571,0.1590909090909091,0.234375
1:150731170:-,0.0,0.0,0.0,0.0507246376811594
1:150731195:-,0.0,0.0,0.0,0.0526315789473684
1:150731202:-,0.0,0.1111111111111111,0.0,0.0793650793650793
1:150731221:-,0.1363636363636363,0.0,0.1081081081081081,0.1714285714285714
1:150731238:-,0.0,0.0,0.0,0.056338028169014
1:150731239:-,0.0857142857142857,0.0,0.0,0.0845070422535211
1:150731243:-,0.0857142857142857,0.1025641025641025,0.08,0.0958904109589041
1:150731275:-,0.2280701754385964,0.1617647058823529,0.1627906976744186,0.1926605504587156
1:150731287:-,0.075,0.0,0.063063063063063,0.0
1:150731304:-,0.0,0.05,0.0,0.0
1:150731310:-,0.1111111111111111,0.1029411764705882,0.1018518518518518,0.1111111111111111
1:150731383:-,0.0792079207920792,0.0,0.0,0.0
1:150731385:-,0.055045871559633,0.0568181818181818,0.0,0.0
1:150731936:-,0.1621621621621621,0.1578947368421052,0.1138211382113821,0.12
1:150731941:-,0.0,0.0,0.0620155038759689,0.0
1:150731999:-,0.1666666666666666,0.2142857142857142,0.1566265060240964,0.1595744680851064
1:150732006:-,0.05,0.0,0.0,0.0575539568345323
1:150732009:-,0.0634920634920634,0.0,0.0,0.0733333333333333
1:150732023:-,0.072289156626506,0.0551181102362204,0.0,0.0526315789473684
1:150732067:-,0.1333333333333333,0.0,0.073170731707317,0.0680272108843537
1:150732108:-,0.0,0.0,0.0,0.0869565217391304
1:150732128:-,0.0714285714285714,0.0689655172413793,0.0,0.0
1:150732136:-,0.2166666666666666,0.0824742268041237,0.0980392156862745,0.0705128205128205
1:150732177:-,0.0925925925925925,0.0,0.0934579439252336,0.1009174311926605
1:150732771:-,0.0582706766917293,0.0583333333333333,0.0752475247524752,0.0560975609756097
1:160332453:-,0.0,0.064516129032258,0.0,0.0
1:160350196:+,0.1363636363636363,0.0,0.0,0.0
1:160996510:-,0.1395348837209302,0.1351351351351351,0.0,0.0833333333333333
1:160996560:-,0.0714285714285714,0.0,0.0,0.0
1:160996561:-,0.0892857142857142,0.2631578947368421,0.0,0.1851851851851851
1:160998025:-,0.2,0.0,0.0,0.0
1:160998147:-,0.125,0.2222222222222222,0.1739130434782608,0.0833333333333333
1:1663537:-,0.1379310344827586,0.1111111111111111,0.1290322580645161,0.0
1:1663581:-,0.1363636363636363,0.0,0.0,0.0
1:1663591:-,0.0,0.0857142857142857,0.0,0.0
1:1663608:-,0.0,0.1515151515151515,0.1515151515151515,0.0
1:1663634:-,0.0,0.1034482758620689,0.0967741935483871,0.0
1:1663740:-,0.0,0.0789473684210526,0.0,0.0
1:184791988:-,0.1379310344827586,0.0,0.0,0.0
1:184792044:-,0.1208053691275167,0.1636363636363636,0.0793650793650793,0.1325301204819277
1:184792053:-,0.1474358974358974,0.2,0.0666666666666666,0.2051282051282051
1:184792094:-,0.0629370629370629,0.0,0.0,0.0512820512820512
1:184792139:-,0.396551724137931,0.2647058823529412,0.3265306122448979,0.3389830508474576
1:184792177:-,0.248,0.2352941176470588,0.2325581395348837,0.2166666666666666
1:184792215:-,0.1392405063291139,0.2093023255813953,0.0,0.0576923076923076
1:184793337:-,0.1014492753623188,0.0576923076923076,0.0952380952380952,0.0754716981132075
1:184793352:-,0.2,0.0851063829787234,0.1020408163265306,0.1272727272727272
1:184793389:-,0.3695652173913043,0.2352941176470588,0.3023255813953488,0.34
1:184793446:-,0.1956521739130435,0.1428571428571428,0.0,0.075
1:184793455:-,0.2,0.0,0.16,0.2340425531914893
1:184793541:-,0.2,0.2647058823529412,0.25,0.1818181818181818
1:204555821:+,0.0,0.0,0.3,0.0
1:204556419:+,0.1578947368421052,0.1764705882352941,0.0,0.0
1:204556584:+,0.1818181818181818,0.0,0.0,0.0
1:204556652:+,0.1304347826086956,0.0,0.1363636363636363,0.0
1:204557466:+,0.1818181818181818,0.0,0.0,0.0
1:204557502:+,0.1428571428571428,0.0,0.0,0.0
1:204557531:+,0.2413793103448276,0.0,0.3,0.0
1:204557623:+,0.0857142857142857,0.0,0.2,0.0
1:204557666:+,0.1944444444444444,0.0,0.1764705882352941,0.0
1:225983698:-,0.0,0.0,0.1764705882352941,0.0
1:28499572:+,0.0,0.0,0.2727272727272727,0.0
1:37860970:-,0.2,0.0,0.0,0.0
1:37861055:-,0.2631578947368421,0.2307692307692307,0.1904761904761904,0.0
1:89182619:-,0.3333333333333333,0.0,0.2285714285714285,0.0
1:89182705:-,0.0,0.0,0.088235294117647,0.0
1:89183643:-,0.0,0.1,0.1162790697674418,0.0
1:89183685:-,0.0,0.12,0.2580645161290322,0.0
1:89183695:-,0.0,0.1379310344827586,0.0,0.0
1:89183838:-,0.0,0.1,0.1052631578947368,0.0
1:89183865:-,0.0,0.35,0.375,0.0
20:20390866:-,0.16,0.0,0.0,0.0
20:36892573:-,0.1111111111111111,0.0975609756097561,0.1926605504587156,0.1415094339622641
20:37519160:-,0.0,0.0833333333333333,0.0833333333333333,0.0
20:37519169:-,0.0,0.21875,0.0,0.0
20:3872210:+,0.0,0.3157894736842105,0.0,0.0
20:3872213:+,0.0,0.1111111111111111,0.0,0.0
20:3928567:-,0.0,0.2857142857142857,0.1666666666666666,0.1379310344827586
20:3928592:-,0.1836734693877551,0.0,0.1153846153846153,0.1818181818181818
20:3928671:-,0.1764705882352941,0.1904761904761904,0.0,0.0
20:3928883:-,0.0,0.0,0.0,0.0967741935483871
20:3928930:-,0.108695652173913,0.0,0.1071428571428571,0.1034482758620689
20:3928933:-,0.0980392156862745,0.0,0.1379310344827586,0.0
20:3928953:-,0.0632911392405063,0.0,0.0,0.0
20:3928959:-,0.2125,0.1621621621621621,0.25,0.1951219512195122
20:3929291:-,0.1098901098901098,0.1764705882352941,0.1,0.1639344262295081
20:3929316:-,0.2252252252252252,0.2962962962962963,0.1846153846153846,0.1666666666666666
20:3929376:-,0.2465753424657534,0.1578947368421052,0.0,0.1363636363636363
20:45078228:+,0.0,0.1739130434782608,0.2083333333333333,0.0
20:45078305:+,0.0,0.2,0.0,0.0
20:45078346:+,0.119047619047619,0.0508474576271186,0.0,0.0697674418604651
20:45079067:+,0.3636363636363636,0.217391304347826,0.2244897959183673,0.2826086956521739
20:45079094:+,0.0833333333333333,0.0,0.0,0.0
20:45079117:+,0.0865384615384615,0.0,0.0568181818181818,0.0655737704918032
20:45079129:+,0.1276595744680851,0.0,0.0,0.0
20:45079148:+,0.0606060606060606,0.0,0.0,0.0
20:45079172:+,0.0631578947368421,0.0,0.0,0.0
20:62813216:+,0.0,0.0,0.1428571428571428,0.1666666666666666
21:33263910:+,0.3333333333333333,0.3333333333333333,0.2307692307692307,0.0
21:33263997:+,0.1875,0.0,0.0,0.1875
21:33264782:+,0.2142857142857142,0.1538461538461538,0.2666666666666666,0.1153846153846153
21:33264843:+,0.2258064516129032,0.2142857142857142,0.0,0.15625
21:33264853:+,0.25,0.24,0.2352941176470588,0.28
21:33358770:+,0.0769230769230769,0.0,0.0,0.1
21:33550949:+,0.0,0.0638297872340425,0.0,0.0
21:33551012:+,0.0,0.1052631578947368,0.0566037735849056,0.0
21:38302921:+,0.2,0.0,0.3636363636363636,0.375
22:17110242:+,0.0,0.1111111111111111,0.0,0.0
22:17110376:+,0.0,0.0833333333333333,0.1212121212121212,0.0789473684210526
22:17110777:+,0.0,0.078125,0.0784313725490196,0.0
22:17113267:+,0.16,0.0,0.15,0.1739130434782608
22:17113448:+,0.0,0.1463414634146341,0.0,0.0
22:17113458:+,0.25,0.075,0.1935483870967742,0.25
22:17116946:-,0.1875,0.0,0.0,0.0
22:24573002:+,0.0,0.25,0.0,0.0
22:24573092:+,0.0,0.2352941176470588,0.0,0.0
22:24573660:+,0.0,0.0,0.2307692307692307,0.3636363636363636
22:24573786:+,0.0,0.1428571428571428,0.0,0.0
22:35659829:+,0.0,0.25,0.0,0.0
22:36266649:+,0.375,0.0,0.0,0.3636363636363636
22:36266854:+,0.15625,0.0,0.0,0.0
22:39019885:+,0.1904761904761904,0.0,0.0,0.1304347826086956
22:39020029:+,0.0892857142857142,0.0,0.0612244897959183,0.0
22:39020075:+,0.125,0.2333333333333333,0.0892857142857142,0.0909090909090909
22:39032721:+,0.2307692307692307,0.0,0.2142857142857142,0.0
22:42381237:-,0.1224489795918367,0.0,0.0,0.0
22:42381262:-,0.1896551724137931,0.0,0.0,0.2
22:42381369:-,0.0684931506849315,0.0,0.0760869565217391,0.0666666666666666
22:42382830:-,0.050632911392405,0.0,0.0,0.0
22:42383474:-,0.1415929203539823,0.0909090909090909,0.0,0.0806451612903225
22:42383480:-,0.0,0.0,0.0980392156862745,0.0
22:42383500:-,0.0784313725490196,0.0,0.0,0.0
22:42383504:-,0.0909090909090909,0.0,0.0545454545454545,0.0
22:42383532:-,0.2962962962962963,0.0,0.2307692307692307,0.1967213114754098
22:42383533:-,0.205607476635514,0.0,0.0,0.1126760563380281
22:42383582:-,0.110091743119266,0.0,0.0869565217391304,0.0657894736842105
22:42383646:-,0.0612244897959183,0.0833333333333333,0.086021505376344,0.0652173913043478
22:42383670:-,0.0,0.0666666666666666,0.0,0.0
2:159769457:-,0.0,0.0652173913043478,0.0,0.0
2:159770173:-,0.0,0.125,0.0,0.1290322580645161
2:201164009:+,0.0,0.0,0.1111111111111111,0.0
2:201164055:+,0.0568181818181818,0.0,0.0,0.0
2:201164087:+,0.0526315789473684,0.0689655172413793,0.0588235294117647,0.0
2:201164143:+,0.2195121951219512,0.3421052631578947,0.0,0.25
2:201165370:+,0.1153846153846153,0.0,0.0909090909090909,0.0
2:201165387:+,0.175,0.125,0.1351351351351351,0.1481481481481481
2:201165444:+,0.0,0.0769230769230769,0.0816326530612244,0.073170731707317
2:201165450:+,0.0638297872340425,0.0,0.0714285714285714,0.0
2:201165480:+,0.0,0.1538461538461538,0.0,0.0
2:201165545:+,0.0681818181818181,0.0,0.0,0.0
2:201219148:+,0.3,0.3846153846153846,0.0,0.0
2:201286638:+,0.3037974683544304,0.1224489795918367,0.1785714285714285,0.1555555555555555
2:201287274:+,0.0,0.0,0.0609756097560975,0.0
2:201287277:+,0.074074074074074,0.0,0.0853658536585365,0.0
2:201287338:+,0.1063829787234042,0.1,0.0847457627118644,0.0
2:201287354:+,0.0948905109489051,0.0,0.054054054054054,0.0625
2:201287384:+,0.1071428571428571,0.0638297872340425,0.0,0.0
2:37100446:-,0.1428571428571428,0.217391304347826,0.217391304347826,0.0
2:37100938:-,0.1470588235294117,0.2352941176470588,0.0,0.0
2:37102070:-,0.0,0.0,0.2105263157894736,0.0
2:37102094:-,0.0,0.2142857142857142,0.0,0.0
2:37102163:-,0.0,0.2727272727272727,0.2777777777777778,0.0
2:37103894:-,0.0,0.1875,0.2857142857142857,0.0
2:37103921:-,0.0,0.0,0.2,0.0
2:37103933:-,0.0,0.0,0.2,0.0
2:37202382:+,0.0,0.3571428571428571,0.0,0.0
2:85319249:-,0.0851063829787234,0.0,0.1212121212121212,0.0
2:85319333:-,0.1666666666666666,0.0612244897959183,0.0,0.0
2:98623011:-,0.0,0.3636363636363636,0.0,0.0
3:10152047:+,0.0,0.25,0.0,0.0
3:10152221:+,0.2068965517241379,0.2631578947368421,0.2222222222222222,0.3333333333333333
3:10152293:+,0.238095238095238,0.0,0.1034482758620689,0.0
3:10152309:+,0.0909090909090909,0.1388888888888889,0.1470588235294117,0.0
3:10152325:+,0.0923076923076923,0.081081081081081,0.1212121212121212,0.0
3:10152621:+,0.1818181818181818,0.0,0.0,0.0
3:10152631:+,0.2413793103448276,0.2142857142857142,0.1666666666666666,0.0
3:10152750:+,0.2307692307692307,0.0,0.0,0.0
3:10152763:+,0.15,0.0,0.0,0.0
3:10152870:+,0.1388888888888889,0.2307692307692307,0.1739130434782608,0.2272727272727272
3:10152908:+,0.0,0.1363636363636363,0.2916666666666667,0.0
3:10152956:+,0.0,0.2222222222222222,0.0,0.1666666666666666
3:10153156:+,0.1290322580645161,0.1290322580645161,0.0,0.0980392156862745
3:10153166:+,0.054054054054054,0.0,0.0,0.0
3:10153198:+,0.0,0.2,0.0,0.0
3:10153205:+,0.0806451612903225,0.0,0.0,0.1428571428571428
3:10153303:+,0.0545454545454545,0.0,0.0,0.0
3:128071405:+,0.1030927835051546,0.0652173913043478,0.0,0.0
3:150627663:+,0.1538461538461538,0.0975609756097561,0.0786516853932584,0.0884955752212389
3:156541617:-,0.3333333333333333,0.0,0.0,0.0
3:179397782:-,0.0,0.0,0.0,0.2
3:32955738:+,0.0,0.2727272727272727,0.0,0.0
3:45680550:+,0.2666666666666666,0.0,0.0,0.0
4:152622851:-,0.0,0.1034482758620689,0.0,0.0909090909090909
4:152622852:-,0.0886075949367088,0.0,0.0,0.0
4:152622853:-,0.1168831168831168,0.1428571428571428,0.0,0.0
4:152622865:-,0.054054054054054,0.0,0.0,0.0
4:152622928:-,0.1111111111111111,0.1904761904761904,0.0,0.1923076923076923
4:152622938:-,0.0895522388059701,0.1904761904761904,0.1851851851851851,0.1470588235294117
4:152623028:-,0.3571428571428571,0.0,0.2631578947368421,0.3636363636363636
4:152623053:-,0.3508771929824561,0.1764705882352941,0.1111111111111111,0.3103448275862069
4:152623067:-,0.1168831168831168,0.0,0.0,0.1
4:152623661:-,0.1851851851851851,0.1764705882352941,0.0,0.0
4:152623707:-,0.1875,0.0,0.0,0.0
4:152623824:-,0.217391304347826,0.0,0.1111111111111111,0.24
4:152624381:-,0.087719298245614,0.0851063829787234,0.074074074074074,0.12
4:152624427:-,0.15625,0.1578947368421052,0.0833333333333333,0.225
4:152624478:-,0.0,0.0,0.0,0.125
4:17801266:-,0.0,0.3,0.0,0.0
4:17801355:-,0.3125,0.0,0.3125,0.0
4:2833828:+,0.0,0.0,0.0,0.0555555555555555
4:2839660:+,0.0,0.0,0.2727272727272727,0.0
4:2839706:+,0.2727272727272727,0.0,0.0,0.0
4:77058526:-,0.0614035087719298,0.0,0.0952380952380952,0.0588235294117647
4:83294325:-,0.0,0.0,0.0,0.1875
5:109335496:-,0.0701754385964912,0.0,0.0612244897959183,0.0
5:143225440:+,0.0,0.3333333333333333,0.0,0.0
5:157477941:-,0.136986301369863,0.0,0.0,0.1904761904761904
5:157478387:-,0.0,0.1875,0.0,0.0
5:157478552:-,0.1,0.0,0.0,0.0
5:69280912:-,0.125,0.0,0.0,0.0
6:109463123:-,0.3846153846153846,0.3076923076923077,0.0,0.0
6:36140914:+,0.0,0.0,0.1875,0.0
6:36141022:+,0.1481481481481481,0.0,0.0,0.0
6:36141062:+,0.0,0.2307692307692307,0.0,0.0
6:42888240:+,0.0,0.3636363636363636,0.0,0.0
6:42889397:+,0.0,0.1428571428571428,0.0,0.0
6:63211926:+,0.0,0.0,0.1666666666666666,0.0
7:100399967:+,0.0689655172413793,0.0,0.0567375886524822,0.0738636363636363
7:102451079:+,0.0,0.2307692307692307,0.0,0.2142857142857142
7:102637230:-,0.1304347826086956,0.0,0.1304347826086956,0.0
7:102637274:-,0.1739130434782608,0.0,0.0,0.0
7:17344812:+,0.0,0.0,0.0,0.3
7:17345105:+,0.3636363636363636,0.0,0.0,0.0
7:17345193:+,0.3125,0.3076923076923077,0.0,0.0
7:17345262:+,0.0,0.0,0.0,0.2666666666666666
7:44801919:+,0.0,0.3636363636363636,0.0,0.1875
7:44801989:+,0.0,0.1071428571428571,0.1578947368421052,0.0
7:44802248:+,0.0,0.3529411764705882,0.0,0.0
7:66153798:+,0.1428571428571428,0.16,0.0,0.0
7:99574503:+,0.0,0.0,0.2857142857142857,0.0
8:11842703:-,0.0833333333333333,0.0,0.0,0.12
8:11842708:-,0.0666666666666666,0.0,0.0,0.0
8:11842721:-,0.1224489795918367,0.0,0.0,0.0
8:11842733:-,0.09375,0.0,0.0,0.0
8:11842741:-,0.0694444444444444,0.0,0.0,0.0
8:11842751:-,0.0823529411764705,0.1785714285714285,0.0,0.0
8:11842774:-,0.1265822784810126,0.0,0.0,0.125
8:11842853:-,0.1343283582089552,0.1363636363636363,0.0,0.0
8:11842909:-,0.2,0.0,0.1739130434782608,0.2222222222222222
8:11843016:-,0.15,0.0,0.0,0.0
8:11843166:-,0.2391304347826087,0.0,0.0,0.2272727272727272
8:11843175:-,0.1463414634146341,0.0,0.1764705882352941,0.0
8:11843919:-,0.1555555555555555,0.1875,0.1034482758620689,0.1702127659574468
8:11843931:-,0.2280701754385964,0.0,0.0789473684210526,0.06
8:11843948:-,0.3571428571428571,0.1428571428571428,0.2608695652173913,0.2068965517241379
8:11843999:-,0.1052631578947368,0.1851851851851851,0.1304347826086956,0.1212121212121212
8:30678435:-,0.075,0.0,0.0,0.0952380952380952
8:30678462:-,0.3571428571428571,0.0,0.3888888888888889,0.1944444444444444
8:30678560:-,0.1739130434782608,0.1212121212121212,0.088235294117647,0.125
8:30678607:-,0.1,0.0,0.0,0.0
8:30679085:-,0.0,0.0,0.25,0.3684210526315789
8:38970747:+,0.0,0.0,0.15,0.0
8:38971825:+,0.0,0.1538461538461538,0.2285714285714285,0.0
8:38972234:+,0.0,0.1388888888888889,0.1333333333333333,0.0
8:38973066:+,0.0757575757575757,0.0697674418604651,0.0,0.1
9:131497876:+,0.054054054054054,0.0,0.0,0.0
9:134906133:-,0.0,0.0,0.3636363636363636,0.0
9:136441102:-,0.0869565217391304,0.0,0.0,0.0
9:32456319:-,0.1904761904761904,0.0,0.238095238095238,0.0
9:32456414:-,0.0,0.0,0.2142857142857142,0.0
9:32456450:-,0.1578947368421052,0.0,0.0,0.0
9:37503348:+,0.0,0.25,0.0,0.0
X:123913261:+,0.1935483870967742,0.0,0.3076923076923077,0.2142857142857142
X:123913275:+,0.25,0.0,0.0,0.0
X:123913444:+,0.2424242424242424,0.3333333333333333,0.3333333333333333,0.0
X:77828119:-,0.0,0.0,0.2222222222222222,0.0
