"","SRR1550981","SRR1551053","SRR1551060","SRR1551074"
"ENSG00000002834",7963,7027,7410,8191
"ENSG00000002919",1167,729,936,1304
"ENSG00000003400",738,1088,866,816
"ENSG00000003402",7329,7907,7484,6732
"ENSG00000004468",207,433,528,218
"ENSG00000005059",720,1178,783,1170
"ENSG00000006756",448,336,456,514
"ENSG00000007312",2660,1683,704,1411
"ENSG00000010671",1586,1360,1381,1664
"ENSG00000011275",1303,2094,1815,1432
"ENSG00000011600",11457,4842,7875,13597
"ENSG00000013725",2608,4059,2781,2113
"ENSG00000018610",215,252,211,243
"ENSG00000019582",60015,44113,43283,57690
"ENSG00000019991",65,121,102,111
"ENSG00000024048",2423,3702,3491,3278
"ENSG00000032219",633,1232,1025,1103
"ENSG00000036448",370,44,101,51
"ENSG00000037757",416,692,597,416
"ENSG00000038427",6274,10392,11694,11342
"ENSG00000039523",2302,1599,1784,1320
"ENSG00000042980",374,625,373,302
"ENSG00000049239",1278,1261,1537,1187
"ENSG00000053254",1427,2716,2086,1761
"ENSG00000055163",4260,7915,5293,3938
"ENSG00000055211",283,391,312,492
"ENSG00000055332",1469,2962,2657,1239
"ENSG00000058091",307,333,249,294
"ENSG00000058262",3055,2898,3021,3217
"ENSG00000060491",2871,1938,2460,2808
"ENSG00000062282",4829,1190,1901,3858
"ENSG00000064012",2902,2805,2657,3217
"ENSG00000065526",2088,3731,3248,1615
"ENSG00000065883",752,1768,1400,1081
"ENSG00000065923",370,506,284,271
"ENSG00000066336",18094,6643,9898,14066
"ENSG00000067082",5032,7066,5734,6578
"ENSG00000071073",1070,3353,1978,1606
"ENSG00000072786",9865,9473,9721,7378
"ENSG00000073756",369,543,830,664
"ENSG00000081041",1,3,7,8
"ENSG00000081189",640,1111,950,1148
"ENSG00000083454",870,442,201,278
"ENSG00000085265",20400,18006,22685,30978
"ENSG00000085514",2993,1549,2434,3426
"ENSG00000087266",6149,4741,7126,5677
"ENSG00000087269",544,882,623,629
"ENSG00000088888",1316,2541,2143,1100
"ENSG00000089012",432,786,435,442
"ENSG00000089775",358,871,602,398
"ENSG00000089916",685,1429,975,852
"ENSG00000090376",1176,1919,2097,2229
"ENSG00000090382",43962,44223,27789,106665
"ENSG00000090615",898,1507,1085,789
"ENSG00000090924",414,640,540,308
"ENSG00000092531",2378,2956,2518,3078
"ENSG00000092871",773,902,904,940
"ENSG00000095059",20,19,9,12
"ENSG00000095485",663,611,542,651
"ENSG00000095585",349,346,203,254
"ENSG00000096060",2275,3438,2390,4130
"ENSG00000099308",5170,3347,4211,3168
"ENSG00000100031",2,6,4,6
"ENSG00000100034",4544,3220,4188,4504
"ENSG00000100077",729,1369,1200,960
"ENSG00000100299",3220,2029,2377,2258
"ENSG00000100342",1072,967,1322,1058
"ENSG00000100368",11941,10476,14146,14493
"ENSG00000100393",1584,4495,4108,2017
"ENSG00000100418",665,586,606,595
"ENSG00000100450",512,502,2392,468
"ENSG00000100473",45,25,26,36
"ENSG00000100721",2956,1730,600,1185
"ENSG00000100985",4217,968,1526,2162
"ENSG00000101109",3555,6787,5233,4328
"ENSG00000101236",1475,2657,2209,1936
"ENSG00000101290",1738,2301,1595,2260
"ENSG00000101307",3156,2447,2722,3555
"ENSG00000101336",12655,6039,8118,12546
"ENSG00000101347",4689,10182,9026,8857
"ENSG00000101439",5135,3728,5238,8436
"ENSG00000101457",836,544,585,986
"ENSG00000101695",401,1172,803,586
"ENSG00000101842",106,294,150,171
"ENSG00000101916",2236,2378,2996,3955
"ENSG00000101966",749,1600,1191,817
"ENSG00000102158",657,1102,844,1076
"ENSG00000102218",597,1099,987,1395
"ENSG00000102245",213,651,295,286
"ENSG00000102317",2477,2738,2970,3705
"ENSG00000102445",1308,1423,1265,1132
"ENSG00000102580",1311,1542,1078,1892
"ENSG00000102908",699,2442,1748,714
"ENSG00000102910",508,1352,1045,762
"ENSG00000103313",4202,2734,3956,3582
"ENSG00000103365",1857,2479,1672,1696
"ENSG00000103381",6821,4821,5712,8002
"ENSG00000103485",39,45,51,33
"ENSG00000103522",696,925,799,581
"ENSG00000103569",14493,8011,8438,14762
"ENSG00000103966",429,637,436,613
"ENSG00000104154",58,172,87,46
"ENSG00000104687",822,1085,877,1265
"ENSG00000104921",1728,957,428,462
"ENSG00000104974",1769,1940,2569,2760
"ENSG00000105352",858,637,1122,1187
"ENSG00000105369",4531,3076,1017,2324
"ENSG00000105372",13831,12188,9896,14459
"ENSG00000105483",2970,4331,4748,4515
"ENSG00000105492",19,80,37,48
"ENSG00000105501",0,0,0,0
"ENSG00000105639",7102,5500,6241,3902
"ENSG00000105939",1818,3731,2646,2067
"ENSG00000105968",714,893,788,963
"ENSG00000106066",1749,1738,2453,4380
"ENSG00000106392",525,1192,862,773
"ENSG00000106546",413,562,441,659
"ENSG00000106565",53,930,320,2472
"ENSG00000106780",3317,5132,4603,6459
"ENSG00000106948",10789,13559,13403,10726
"ENSG00000107201",26,65,67,33
"ENSG00000108107",15201,12644,10253,14641
"ENSG00000108244",2486,908,1426,813
"ENSG00000108405",1678,1218,569,961
"ENSG00000108799",2298,2123,2141,1727
"ENSG00000109452",253,1441,619,569
"ENSG00000109743",1352,899,1098,2072
"ENSG00000110079",68,53,85,82
"ENSG00000110203",401,224,204,366
"ENSG00000110367",3165,5552,4176,4445
"ENSG00000110448",1645,3119,1870,1571
"ENSG00000111052",489,633,551,1026
"ENSG00000111203",317,496,410,294
"ENSG00000111331",1658,6373,5791,1339
"ENSG00000111358",195,388,254,290
"ENSG00000111716",1306,1855,965,1676
"ENSG00000112079",3877,4536,4447,4337
"ENSG00000112343",2131,2610,2370,1889
"ENSG00000113088",682,1033,526,1306
"ENSG00000113303",281,297,422,427
"ENSG00000114013",526,691,802,1368
"ENSG00000114126",357,526,451,224
"ENSG00000114302",492,797,751,788
"ENSG00000114450",813,1088,1221,1282
"ENSG00000114779",1099,1058,755,953
"ENSG00000114850",1014,1089,920,1475
"ENSG00000115145",385,567,515,607
"ENSG00000115523",2945,1977,4067,3344
"ENSG00000115590",1411,421,640,1255
"ENSG00000115649",3909,1757,1792,2064
"ENSG00000115828",2177,1277,1208,2631
"ENSG00000115977",949,2744,1923,792
"ENSG00000116667",106,152,315,120
"ENSG00000116729",910,839,363,1865
"ENSG00000116791",70,138,95,273
"ENSG00000117115",7439,2512,2905,3299
"ENSG00000117602",1308,3587,1566,1779
"ENSG00000118515",1248,1295,1581,2127
"ENSG00000118579",1206,1904,1710,1398
"ENSG00000118816",8469,6020,4773,7709
"ENSG00000119314",2592,3818,3424,3407
"ENSG00000119457",169,159,309,256
"ENSG00000119522",955,715,795,777
"ENSG00000119535",108785,36474,52813,58528
"ENSG00000119616",392,502,398,602
"ENSG00000119866",360,347,260,283
"ENSG00000120594",1286,1555,1571,1790
"ENSG00000120802",1002,2315,1546,1940
"ENSG00000120868",1347,2749,2587,2364
"ENSG00000121316",3518,1982,2819,6135
"ENSG00000121552",978,529,740,1661
"ENSG00000122218",2172,2950,2688,2813
"ENSG00000122557",927,1188,1119,1149
"ENSG00000123405",9021,2483,2789,5334
"ENSG00000123610",405,389,419,817
"ENSG00000123689",38,31,70,50
"ENSG00000124102",1970,318,230,1009
"ENSG00000124243",168,225,94,126
"ENSG00000124491",2373,3040,1353,3445
"ENSG00000124496",718,1624,1476,965
"ENSG00000124731",6174,2346,2911,5360
"ENSG00000124772",802,356,202,449
"ENSG00000125538",1871,784,1114,1606
"ENSG00000126067",705,764,735,883
"ENSG00000126353",4058,6730,2539,3654
"ENSG00000127507",4860,1482,3089,3294
"ENSG00000127663",3011,2281,2418,2391
"ENSG00000127954",4138,3610,2824,3624
"ENSG00000128218",285,203,59,167
"ENSG00000128294",1341,1189,1237,1558
"ENSG00000128383",4390,2309,3458,2991
"ENSG00000128918",6,8,4,1
"ENSG00000129226",3958,2906,4359,6814
"ENSG00000130119",553,1080,791,539
"ENSG00000130517",636,673,578,497
"ENSG00000130741",3587,4056,3336,3731
"ENSG00000130764",731,919,795,861
"ENSG00000131042",5157,3773,5388,6687
"ENSG00000131242",1880,1718,1782,1760
"ENSG00000131355",1624,1380,2111,2424
"ENSG00000131381",350,633,496,353
"ENSG00000131401",0,0,0,0
"ENSG00000131724",3222,2284,2865,4165
"ENSG00000132185",729,678,215,568
"ENSG00000132359",2290,2701,3405,2208
"ENSG00000132465",834,943,1380,927
"ENSG00000132530",2674,3991,4411,1339
"ENSG00000133030",1573,4240,2727,1839
"ENSG00000133048",2651,1573,2074,4430
"ENSG00000134086",1659,1852,1475,1722
"ENSG00000134287",2263,2320,2321,2379
"ENSG00000134352",888,4064,1787,1743
"ENSG00000134539",662,1326,2318,835
"ENSG00000134830",3022,1201,1968,2299
"ENSG00000135052",163,229,202,201
"ENSG00000135074",2533,2256,1889,1741
"ENSG00000135127",484,759,582,571
"ENSG00000135218",1849,2563,2352,3322
"ENSG00000135596",5985,3915,4129,4304
"ENSG00000135636",10408,4426,5195,5811
"ENSG00000135679",1118,1335,1458,1557
"ENSG00000135842",8346,6023,6441,8907
"ENSG00000135899",3595,4271,4306,3242
"ENSG00000135956",3459,2591,2935,3604
"ENSG00000136111",490,1750,1011,884
"ENSG00000136504",751,1107,861,796
"ENSG00000136573",1040,929,379,576
"ENSG00000136689",2467,1241,1461,1866
"ENSG00000136731",1050,2117,1844,1327
"ENSG00000136816",753,906,974,824
"ENSG00000136869",2371,3456,4232,4131
"ENSG00000137054",209,377,236,322
"ENSG00000137078",723,951,548,969
"ENSG00000137265",494,723,559,299
"ENSG00000137413",490,669,559,560
"ENSG00000137462",5870,3300,4001,6187
"ENSG00000138061",422,676,500,1411
"ENSG00000138119",218,540,855,445
"ENSG00000138378",599,1139,971,786
"ENSG00000138639",180,231,110,232
"ENSG00000138772",1084,364,306,1155
"ENSG00000138795",1600,4756,2078,2294
"ENSG00000139193",1319,2194,1116,1805
"ENSG00000139291",291,451,271,352
"ENSG00000139644",11238,11539,10439,15127
"ENSG00000139726",603,887,705,832
"ENSG00000140199",3072,4983,4165,3797
"ENSG00000140511",437,655,429,378
"ENSG00000140526",3881,4735,6000,5755
"ENSG00000140932",2210,874,1406,3113
"ENSG00000141524",5463,8189,7790,4931
"ENSG00000141569",449,663,568,520
"ENSG00000141905",747,769,815,572
"ENSG00000142039",1283,1156,1137,1047
"ENSG00000142166",1992,2169,1885,2421
"ENSG00000142444",145,184,167,192
"ENSG00000142751",391,504,477,400
"ENSG00000143226",9812,4352,5935,9235
"ENSG00000143458",302,792,596,229
"ENSG00000143546",53745,19939,22629,52706
"ENSG00000143751",314,785,643,512
"ENSG00000144791",673,1296,1040,856
"ENSG00000145020",27,32,28,15
"ENSG00000145022",470,477,452,472
"ENSG00000145779",1656,2655,1729,2173
"ENSG00000145819",3392,3070,3010,2973
"ENSG00000146094",8070,3565,4824,5473
"ENSG00000146192",1363,1791,2632,1574
"ENSG00000146223",704,1107,833,944
"ENSG00000146592",2780,3183,3381,3057
"ENSG00000146909",193,476,334,261
"ENSG00000147535",690,795,365,373
"ENSG00000147649",996,2434,1876,2098
"ENSG00000148019",227,575,641,315
"ENSG00000148396",2087,3110,2942,1728
"ENSG00000148730",3350,4235,3855,4248
"ENSG00000148926",1262,594,567,1317
"ENSG00000149131",419,670,876,465
"ENSG00000149311",1603,9564,5427,2693
"ENSG00000149781",8332,5009,5157,6905
"ENSG00000149798",18,14,24,22
"ENSG00000150337",515,222,237,575
"ENSG00000150991",13642,8765,8292,13473
"ENSG00000151014",57,36,33,44
"ENSG00000151176",309,533,511,357
"ENSG00000151948",4144,1340,2063,3799
"ENSG00000152443",272,638,434,404
"ENSG00000152457",455,591,425,410
"ENSG00000152495",532,2150,972,854
"ENSG00000152558",3783,9396,5691,6357
"ENSG00000152672",46,5,100,5
"ENSG00000153064",708,1272,404,753
"ENSG00000153563",1254,2881,3101,2475
"ENSG00000153774",278,300,255,396
"ENSG00000154589",944,368,390,981
"ENSG00000154760",329,549,507,164
"ENSG00000154928",153,157,120,159
"ENSG00000155096",1145,1813,1390,1690
"ENSG00000155252",291,253,273,273
"ENSG00000155393",338,547,537,414
"ENSG00000155744",1333,2211,1226,1833
"ENSG00000156711",2324,2411,2070,1549
"ENSG00000156738",2998,3974,1548,2461
"ENSG00000157350",2298,1395,1728,1861
"ENSG00000157551",4638,2882,4212,5658
"ENSG00000157600",2639,2489,2401,3662
"ENSG00000157734",606,465,200,232
"ENSG00000157978",2654,3920,1595,2362
"ENSG00000158473",865,681,801,1393
"ENSG00000158481",279,267,153,273
"ENSG00000158517",7307,2972,4076,5442
"ENSG00000158604",894,1298,1099,1130
"ENSG00000158769",1662,972,1070,1577
"ENSG00000158825",1740,761,965,1829
"ENSG00000159140",3038,9239,6950,4902
"ENSG00000159445",273,776,353,300
"ENSG00000159713",166,166,90,176
"ENSG00000160049",249,593,396,385
"ENSG00000160194",313,372,331,386
"ENSG00000160223",28,42,30,35
"ENSG00000160551",790,2682,2006,1490
"ENSG00000160654",772,2059,1457,1248
"ENSG00000160883",4636,2484,4163,5142
"ENSG00000160991",2926,2063,2749,2875
"ENSG00000161405",2255,3982,3046,1762
"ENSG00000161533",1676,1674,1559,2494
"ENSG00000162241",518,596,488,341
"ENSG00000162378",310,706,510,449
"ENSG00000162408",403,640,443,329
"ENSG00000162496",377,426,254,211
"ENSG00000162551",13534,2692,2576,6440
"ENSG00000162654",692,2464,2951,1172
"ENSG00000162736",2278,1898,2219,2588
"ENSG00000162747",30720,21377,23519,32317
"ENSG00000163131",19236,20983,27144,46104
"ENSG00000163220",129457,45385,48927,110400
"ENSG00000163221",3531,1342,1353,2917
"ENSG00000163257",349,768,570,378
"ENSG00000163421",4178,1059,1290,3700
"ENSG00000163453",134,164,158,271
"ENSG00000163464",23866,6998,10743,17194
"ENSG00000163519",305,1234,499,586
"ENSG00000163534",652,2420,689,488
"ENSG00000163563",24671,19936,21861,32864
"ENSG00000163600",203,427,264,288
"ENSG00000163626",135,285,242,242
"ENSG00000163683",668,859,673,1009
"ENSG00000163739",207,93,164,189
"ENSG00000163840",2092,3259,3457,2282
"ENSG00000163945",405,752,946,469
"ENSG00000164125",376,803,1203,1410
"ENSG00000164251",392,332,506,744
"ENSG00000164308",1473,2714,539,1519
"ENSG00000164329",903,1308,1183,1378
"ENSG00000164330",61,149,47,48
"ENSG00000165025",5050,3652,4288,5357
"ENSG00000165092",233,346,479,695
"ENSG00000165168",4809,7506,8637,9854
"ENSG00000165178",0,0,0,0
"ENSG00000165272",951,1459,828,1036
"ENSG00000165494",1142,2566,1919,1909
"ENSG00000165591",27,55,14,34
"ENSG00000165929",705,2449,1419,1384
"ENSG00000165959",527,562,872,730
"ENSG00000166012",319,584,464,436
"ENSG00000166289",323,311,465,388
"ENSG00000166295",1681,2085,1506,2044
"ENSG00000166428",703,598,562,687
"ENSG00000166441",11863,11920,8893,13633
"ENSG00000166523",1912,1413,1499,2911
"ENSG00000166527",282,190,266,312
"ENSG00000166619",970,1062,916,1098
"ENSG00000166750",986,6260,3012,2195
"ENSG00000166825",13969,4804,6565,5462
"ENSG00000166927",358,990,1932,974
"ENSG00000167208",1845,2053,2269,2080
"ENSG00000167286",1185,1869,1470,1737
"ENSG00000167434",351,133,154,303
"ENSG00000167483",2428,1796,818,775
"ENSG00000167526",28228,28093,19110,32948
"ENSG00000167528",1018,850,1664,1549
"ENSG00000167633",63,21,50,59
"ENSG00000167676",1107,444,526,460
"ENSG00000167850",244,266,474,560
"ENSG00000168081",176,102,55,110
"ENSG00000168461",3218,2279,2688,4607
"ENSG00000169239",439,643,436,408
"ENSG00000169245",28,51,92,78
"ENSG00000169403",9068,4576,5280,7509
"ENSG00000169429",322,200,389,276
"ENSG00000169499",1959,2996,2019,1883
"ENSG00000169871",1774,3182,2726,1395
"ENSG00000170004",3867,6201,4518,3201
"ENSG00000170006",4763,5511,5304,6204
"ENSG00000170458",7461,3081,5501,9835
"ENSG00000170956",2512,946,1156,1532
"ENSG00000171049",4840,2969,3921,6016
"ENSG00000171051",27641,10037,11692,28147
"ENSG00000171130",549,726,392,561
"ENSG00000171236",3293,1144,1082,2239
"ENSG00000171865",183,419,343,231
"ENSG00000172005",944,1085,525,752
"ENSG00000172081",11930,6642,7196,8774
"ENSG00000172116",570,1514,961,1190
"ENSG00000172175",621,1592,1108,985
"ENSG00000172322",450,776,2423,3412
"ENSG00000172578",755,1488,1159,898
"ENSG00000172673",211,989,556,518
"ENSG00000172936",4978,4264,5401,6123
"ENSG00000173083",536,621,732,1164
"ENSG00000173110",3108,1552,1594,2356
"ENSG00000173153",764,601,788,1043
"ENSG00000173334",544,445,464,664
"ENSG00000173369",59,9,49,22
"ENSG00000173372",58,5,43,44
"ENSG00000173442",7780,5409,6676,6363
"ENSG00000173535",6453,3237,4621,6251
"ENSG00000173575",2035,4405,3552,2481
"ENSG00000173638",3149,1296,1640,1955
"ENSG00000174171",0,0,0,0
"ENSG00000174500",191,392,178,209
"ENSG00000174946",184,505,370,338
"ENSG00000175066",193,462,568,176
"ENSG00000175220",2745,2029,2414,1885
"ENSG00000175274",1735,891,928,1180
"ENSG00000175489",5184,2990,4732,6863
"ENSG00000175538",1600,1247,1654,2894
"ENSG00000175826",2496,1574,1817,2326
"ENSG00000175857",1054,1339,1107,1400
"ENSG00000175899",11,23,10,9
"ENSG00000176083",98,119,229,164
"ENSG00000176438",1223,1902,1663,1014
"ENSG00000176533",718,542,430,521
"ENSG00000177169",3573,2086,2929,2504
"ENSG00000177225",636,745,710,526
"ENSG00000177455",1116,631,294,474
"ENSG00000177663",7836,7467,7183,6916
"ENSG00000178199",501,610,413,295
"ENSG00000178440",4,25,19,2
"ENSG00000178971",1822,3340,2730,1545
"ENSG00000179583",2354,3461,3202,1696
"ENSG00000180739",477,611,1166,691
"ENSG00000180776",681,1705,1389,1590
"ENSG00000180871",23044,13031,16861,23245
"ENSG00000181631",4949,4031,3957,5578
"ENSG00000181847",270,578,377,367
"ENSG00000181896",825,1270,839,780
"ENSG00000182022",3165,3127,3674,3732
"ENSG00000182180",510,642,498,635
"ENSG00000182196",1870,1449,1544,2027
"ENSG00000182199",983,834,707,1026
"ENSG00000182487",0,0,0,0
"ENSG00000182782",1577,627,761,1403
"ENSG00000182885",5353,1895,3142,3461
"ENSG00000183019",731,248,142,789
"ENSG00000183049",2268,2075,1482,1460
"ENSG00000183160",24,9,9,88
"ENSG00000183307",654,233,331,270
"ENSG00000183484",957,921,687,870
"ENSG00000183597",2229,1070,1165,1333
"ENSG00000183785",8,11,5,12
"ENSG00000183813",204,415,250,401
"ENSG00000183918",315,860,581,654
"ENSG00000184060",264,263,333,350
"ENSG00000184216",1962,1778,1803,2176
"ENSG00000184260",4,8,1,15
"ENSG00000184270",0,0,2,1
"ENSG00000184613",631,2582,720,1335
"ENSG00000184988",178,189,216,135
"ENSG00000185101",1222,1053,794,555
"ENSG00000185215",19971,12602,19663,19287
"ENSG00000185432",914,858,558,961
"ENSG00000186074",1729,827,1507,1913
"ENSG00000186174",1171,3797,2935,1243
"ENSG00000186407",1582,1210,2724,2970
"ENSG00000186517",11515,10085,10452,11241
"ENSG00000186529",2973,4307,3464,2827
"ENSG00000186687",174,551,320,221
"ENSG00000186810",372,546,400,360
"ENSG00000187116",3189,1353,1950,3403
"ENSG00000187796",0,0,0,0
"ENSG00000187912",408,333,173,168
"ENSG00000187922",9,9,2,1
"ENSG00000188536",12755,3994,6423,3276
"ENSG00000188559",978,1375,1286,1145
"ENSG00000188906",4809,9415,8604,8750
"ENSG00000188917",344,571,466,372
"ENSG00000189013",12,3,21,26
"ENSG00000189339",1048,1663,1527,955
"ENSG00000196187",2555,3899,3011,1842
"ENSG00000196199",1245,2229,1781,1335
"ENSG00000196209",2316,1627,2205,2278
"ENSG00000196262",3172,3446,2889,4285
"ENSG00000196542",21,38,37,57
"ENSG00000196705",255,604,642,250
"ENSG00000196743",621,676,673,1062
"ENSG00000196924",27165,30475,33743,21607
"ENSG00000197249",29134,8108,16992,25607
"ENSG00000197405",10399,5134,6839,9693
"ENSG00000197629",5286,8844,11432,11116
"ENSG00000197860",252,751,479,552
"ENSG00000197930",1418,1692,1220,1810
"ENSG00000197961",315,537,410,327
"ENSG00000198001",1193,1367,1226,1261
"ENSG00000198019",0,0,0,0
"ENSG00000198053",6243,3133,4176,6670
"ENSG00000198160",959,1671,1263,1626
"ENSG00000198225",87,72,82,202
"ENSG00000198466",179,666,527,254
"ENSG00000198538",93,223,202,180
"ENSG00000198574",208,307,360,289
"ENSG00000198625",1456,1908,1766,1297
"ENSG00000198843",1198,1217,1152,1911
"ENSG00000198851",4689,6642,4778,4798
"ENSG00000198909",3420,3037,3464,3814
"ENSG00000198961",1549,3135,2270,2831
"ENSG00000199024",0,0,0,0
"ENSG00000199405",0,0,0,0
"ENSG00000199695",0,0,0,0
"ENSG00000200397",0,0,0,0
"ENSG00000202502",0,0,0,0
"ENSG00000203705",285,302,255,321
"ENSG00000204020",58,176,321,145
"ENSG00000204084",552,716,562,390
"ENSG00000204103",408,637,908,1030
"ENSG00000204138",279,635,485,269
"ENSG00000204577",6462,3433,4626,4662
"ENSG00000205045",393,1756,1456,290
"ENSG00000205155",490,218,286,482
"ENSG00000205809",5,27,4,13
"ENSG00000205810",0,3,5,8
"ENSG00000206172",5106,1320,1876,1180
"ENSG00000206754",0,0,0,0
"ENSG00000206869",0,0,0,0
"ENSG00000207110",0,0,0,0
"ENSG00000207306",0,0,0,0
"ENSG00000208772",0,0,0,0
"ENSG00000211592",0,0,0,0
"ENSG00000211593",0,0,0,0
"ENSG00000211594",0,0,0,0
"ENSG00000211595",0,0,0,0
"ENSG00000211596",0,0,0,0
"ENSG00000211597",0,0,0,0
"ENSG00000211598",0,0,0,0
"ENSG00000211625",0,0,0,0
"ENSG00000211637",0,0,0,0
"ENSG00000211638",0,0,0,0
"ENSG00000211639",0,0,0,0
"ENSG00000211640",0,0,0,0
"ENSG00000211642",0,0,0,0
"ENSG00000211648",0,0,0,0
"ENSG00000211649",0,0,0,0
"ENSG00000211650",0,0,0,0
"ENSG00000211651",0,0,0,0
"ENSG00000211652",0,0,0,0
"ENSG00000211653",0,0,0,0
"ENSG00000211655",0,0,0,0
"ENSG00000211658",0,0,0,0
"ENSG00000211659",0,0,0,0
"ENSG00000211660",0,0,0,0
"ENSG00000211662",0,0,0,0
"ENSG00000211663",0,0,0,0
"ENSG00000211664",0,0,0,0
"ENSG00000211666",0,0,0,0
"ENSG00000211667",0,0,0,0
"ENSG00000211668",0,0,0,0
"ENSG00000211669",0,0,0,0
"ENSG00000211670",0,0,0,0
"ENSG00000211673",0,0,0,0
"ENSG00000211675",0,0,0,0
"ENSG00000211676",0,0,0,0
"ENSG00000211677",0,0,0,0
"ENSG00000211678",0,0,0,0
"ENSG00000211679",0,0,0,0
"ENSG00000211684",0,0,0,0
"ENSG00000211687",0,0,0,0
"ENSG00000211688",0,0,0,0
"ENSG00000211690",0,0,0,0
"ENSG00000211691",0,0,0,0
"ENSG00000211698",0,0,0,0
"ENSG00000211699",0,0,0,0
"ENSG00000211706",0,0,0,0
"ENSG00000211710",0,0,0,0
"ENSG00000211714",0,0,0,0
"ENSG00000211716",0,0,0,0
"ENSG00000211717",0,0,0,0
"ENSG00000211721",0,0,0,0
"ENSG00000211724",0,0,0,0
"ENSG00000211728",0,0,0,0
"ENSG00000211734",0,0,0,0
"ENSG00000211745",0,0,0,0
"ENSG00000211746",0,0,0,0
"ENSG00000211747",0,0,0,0
"ENSG00000211749",0,0,0,0
"ENSG00000211750",0,0,0,0
"ENSG00000211751",0,0,0,0
"ENSG00000211752",0,0,0,0
"ENSG00000211753",0,0,0,0
"ENSG00000211764",0,0,0,0
"ENSG00000211765",0,0,0,0
"ENSG00000211766",0,0,0,0
"ENSG00000211767",0,0,0,0
"ENSG00000211769",0,0,0,0
"ENSG00000211770",0,0,0,0
"ENSG00000211771",0,0,0,0
"ENSG00000211772",0,0,0,0
"ENSG00000211776",0,0,0,0
"ENSG00000211777",0,0,0,0
"ENSG00000211778",0,0,0,0
"ENSG00000211779",0,0,0,0
"ENSG00000211782",0,0,0,0
"ENSG00000211785",0,0,0,0
"ENSG00000211786",0,0,0,0
"ENSG00000211787",0,0,0,0
"ENSG00000211788",0,0,0,0
"ENSG00000211789",0,0,0,0
"ENSG00000211790",0,0,0,0
"ENSG00000211791",0,0,0,0
"ENSG00000211792",0,0,0,0
"ENSG00000211793",0,0,0,0
"ENSG00000211794",0,0,0,0
"ENSG00000211795",0,0,0,0
"ENSG00000211796",0,0,0,0
"ENSG00000211797",0,0,0,0
"ENSG00000211799",0,0,0,0
"ENSG00000211800",0,0,0,0
"ENSG00000211801",0,0,0,0
"ENSG00000211803",0,0,0,0
"ENSG00000211805",0,0,0,0
"ENSG00000211806",0,0,0,0
"ENSG00000211807",0,0,0,0
"ENSG00000211809",0,0,0,0
"ENSG00000211810",0,0,0,0
"ENSG00000211812",0,0,0,0
"ENSG00000211814",0,0,0,0
"ENSG00000211815",0,0,0,0
"ENSG00000211817",0,0,0,0
"ENSG00000211818",0,0,0,0
"ENSG00000211820",0,0,0,0
"ENSG00000211825",0,0,0,0
"ENSG00000211826",0,0,0,0
"ENSG00000211828",0,0,0,0
"ENSG00000211829",0,0,0,0
"ENSG00000211834",0,0,0,0
"ENSG00000211835",0,0,0,0
"ENSG00000211836",0,0,0,0
"ENSG00000211838",0,0,0,0
"ENSG00000211839",0,0,0,0
"ENSG00000211840",0,0,0,0
"ENSG00000211844",0,0,0,0
"ENSG00000211845",0,0,0,0
"ENSG00000211846",0,0,0,0
"ENSG00000211847",0,0,0,0
"ENSG00000211848",0,0,0,0
"ENSG00000211849",0,0,0,0
"ENSG00000211850",0,0,0,0
"ENSG00000211851",0,0,0,0
"ENSG00000211854",0,0,0,0
"ENSG00000211855",0,0,0,0
"ENSG00000211856",0,0,0,0
"ENSG00000211857",0,0,0,0
"ENSG00000211861",0,0,0,0
"ENSG00000211862",0,0,0,0
"ENSG00000211863",0,0,0,0
"ENSG00000211864",0,0,0,0
"ENSG00000211865",0,0,0,0
"ENSG00000211866",0,0,0,0
"ENSG00000211867",0,0,0,0
"ENSG00000211868",0,0,0,0
"ENSG00000211869",0,0,0,0
"ENSG00000211871",0,0,0,0
"ENSG00000211872",0,0,0,0
"ENSG00000211873",0,0,0,0
"ENSG00000211875",0,0,0,0
"ENSG00000211876",0,0,0,0
"ENSG00000211877",0,0,0,0
"ENSG00000211878",0,0,0,0
"ENSG00000211879",0,0,0,0
"ENSG00000211880",0,0,0,0
"ENSG00000211882",0,0,0,0
"ENSG00000211883",0,0,0,0
"ENSG00000211884",0,0,0,0
"ENSG00000211885",0,0,0,0
"ENSG00000211886",0,0,0,0
"ENSG00000211887",0,0,0,0
"ENSG00000211888",0,0,0,0
"ENSG00000211890",0,0,0,0
"ENSG00000211892",0,0,0,0
"ENSG00000211893",0,0,0,0
"ENSG00000211895",0,0,0,0
"ENSG00000211896",0,0,0,0
"ENSG00000211897",0,0,0,0
"ENSG00000211898",0,0,0,0
"ENSG00000211899",0,0,0,0
"ENSG00000211900",0,0,0,0
"ENSG00000211904",0,0,0,0
"ENSG00000211905",0,0,0,0
"ENSG00000211911",0,0,0,0
"ENSG00000211917",0,0,0,0
"ENSG00000211923",0,0,0,0
"ENSG00000211924",0,0,0,0
"ENSG00000211933",0,0,0,0
"ENSG00000211934",0,0,0,0
"ENSG00000211935",0,0,0,0
"ENSG00000211937",0,0,0,0
"ENSG00000211938",0,0,0,0
"ENSG00000211941",0,0,0,0
"ENSG00000211942",0,0,0,0
"ENSG00000211943",0,0,0,0
"ENSG00000211945",0,0,0,0
"ENSG00000211946",0,0,0,0
"ENSG00000211947",0,0,0,0
"ENSG00000211949",0,0,0,0
"ENSG00000211950",0,0,0,0
"ENSG00000211951",0,0,0,0
"ENSG00000211952",0,0,0,0
"ENSG00000211955",0,0,0,0
"ENSG00000211956",0,0,0,0
"ENSG00000211959",0,0,0,0
"ENSG00000211962",0,0,0,0
"ENSG00000211964",0,0,0,0
"ENSG00000211965",0,0,0,0
"ENSG00000211966",0,0,0,0
"ENSG00000211967",0,0,0,0
"ENSG00000211968",0,0,0,0
"ENSG00000211970",0,0,0,0
"ENSG00000211972",0,0,0,0
"ENSG00000211973",0,0,0,0
"ENSG00000211976",0,0,0,0
"ENSG00000211978",0,0,0,0
"ENSG00000212493",0,0,0,0
"ENSG00000213809",498,662,762,600
"ENSG00000213999",40,21,21,18
"ENSG00000214087",349,322,291,195
"ENSG00000214212",1716,728,1029,2051
"ENSG00000214456",697,263,275,333
"ENSG00000216490",0,0,0,0
"ENSG00000218739",285,474,300,411
"ENSG00000218809",0,0,0,0
"ENSG00000221500",0,0,0,0
"ENSG00000221963",1510,3802,4017,2565
"ENSG00000222852",0,0,0,0
"ENSG00000223177",0,0,0,0
"ENSG00000223336",0,0,0,0
"ENSG00000223350",0,0,0,0
"ENSG00000223547",118,110,125,81
"ENSG00000223648",0,0,0,0
"ENSG00000223931",0,0,0,0
"ENSG00000224373",0,0,0,0
"ENSG00000224397",0,0,0,0
"ENSG00000224579",0,0,0,0
"ENSG00000224650",0,0,0,0
"ENSG00000225101",0,0,0,0
"ENSG00000225698",0,0,0,0
"ENSG00000226012",0,0,0,0
"ENSG00000226660",0,0,0,0
"ENSG00000227191",0,0,0,0
"ENSG00000229754",0,0,0,0
"ENSG00000230099",0,0,0,0
"ENSG00000231123",0,0,0,0
"ENSG00000231412",0,0,0,0
"ENSG00000231475",0,0,0,0
"ENSG00000232216",0,0,0,0
"ENSG00000232869",0,0,0,0
"ENSG00000233306",0,0,0,0
"ENSG00000233355",0,0,0,0
"ENSG00000233392",0,0,0,0
"ENSG00000234436",0,0,0,0
"ENSG00000234506",0,0,0,0
"ENSG00000235568",12571,5897,9657,10816
"ENSG00000235576",0,0,0,0
"ENSG00000237111",0,0,0,0
"ENSG00000237254",0,0,0,0
"ENSG00000237702",0,0,0,0
"ENSG00000238317",0,0,0,0
"ENSG00000239571",0,0,0,0
"ENSG00000239855",0,0,0,0
"ENSG00000239948",0,0,0,0
"ENSG00000239951",0,0,0,0
"ENSG00000239998",4458,2693,3575,5988
"ENSG00000240041",0,0,0,0
"ENSG00000240382",0,0,0,0
"ENSG00000240505",47,50,22,48
"ENSG00000240671",0,0,0,0
"ENSG00000240864",0,0,0,0
"ENSG00000241163",0,0,0,0
"ENSG00000241258",360,492,394,474
"ENSG00000241294",0,0,0,0
"ENSG00000241351",0,0,0,0
"ENSG00000241399",124,406,445,565
"ENSG00000241657",0,0,0,0
"ENSG00000241721",0,0,0,0
"ENSG00000241755",0,0,0,0
"ENSG00000242076",0,0,0,0
"ENSG00000242371",0,0,0,0
"ENSG00000242472",0,0,0,0
"ENSG00000242534",0,0,0,0
"ENSG00000242887",0,0,0,0
"ENSG00000243238",0,0,0,0
"ENSG00000243264",0,0,0,0
"ENSG00000243290",0,0,0,0
"ENSG00000243466",0,0,0,0
"ENSG00000243667",43,48,42,80
"ENSG00000243811",24,46,45,20
"ENSG00000244219",4,4,3,3
"ENSG00000244437",0,0,0,0
"ENSG00000244482",1555,572,825,1823
"ENSG00000244575",0,0,0,0
"ENSG00000244620",0,0,0,0
"ENSG00000244734",28853,20347,16072,10697
"ENSG00000245164",0,0,0,0
"ENSG00000247077",305,392,298,430
"ENSG00000249624",3,0,2,0
"ENSG00000250688",0,0,0,0
"ENSG00000251149",0,0,0,0
"ENSG00000251546",0,0,0,0
"ENSG00000253087",0,0,0,0
"ENSG00000253132",0,0,0,0
"ENSG00000253234",0,0,0,0
"ENSG00000253364",0,0,0,0
"ENSG00000253701",0,0,0,0
"ENSG00000253755",0,0,0,0
"ENSG00000253763",0,0,0,0
"ENSG00000253883",0,0,0,0
"ENSG00000253936",0,0,0,0
"ENSG00000253998",0,0,0,0
"ENSG00000254052",0,0,0,0
"ENSG00000254056",0,0,0,0
"ENSG00000254174",0,0,0,0
"ENSG00000254281",0,0,0,0
"ENSG00000254395",0,0,0,0
"ENSG00000254415",3125,975,2666,2607
"ENSG00000254470",3682,3060,3287,3326
"ENSG00000254709",1145,1013,498,650
"ENSG00000254826",0,0,0,0
"ENSG00000255197",0,0,0,0
"ENSG00000255398",1778,749,861,1434
"ENSG00000255518",0,0,0,0
"ENSG00000255569",0,0,0,0
"ENSG00000255641",0,0,1,1
"ENSG00000255801",0,0,0,0
"ENSG00000256039",0,0,0,0
"ENSG00000256229",213,280,237,197
"ENSG00000256553",0,0,0,0
"ENSG00000257218",333,608,455,514
"ENSG00000257335",2639,3355,4174,5507
"ENSG00000258082",0,0,0,0
"ENSG00000258531",0,0,0,0
"ENSG00000258732",0,0,0,0
"ENSG00000258819",0,0,0,0
"ENSG00000259092",0,0,0,0
"ENSG00000259379",0,0,0,0
"ENSG00000259600",0,0,0,0
"ENSG00000259626",0,0,0,0
"ENSG00000259651",0,0,0,0
"ENSG00000261222",0,0,0,0
"ENSG00000261371",9362,8807,9560,12333
"ENSG00000263675",0,0,0,0
"ENSG00000263956",100,207,150,97
"ENSG00000264539",0,0,0,0
"ENSG00000264781",0,0,0,0
"ENSG00000265612",0,0,0,0
"ENSG00000265658",0,0,0,0
"ENSG00000265929",0,0,0,0
"ENSG00000266698",0,0,0,0
"ENSG00000267174",0,0,0,0
"ENSG00000267368",0,0,0,0
"ENSG00000267369",0,0,0,0
"ENSG00000268500",3344,883,1993,1877
"ENSG00000268849",0,0,0,0
"ENSG00000269343",215,330,270,193
"ENSG00000269981",0,0,0,0
"ENSG00000270472",0,0,0,0
"ENSG00000270550",0,0,0,0
"ENSG00000271130",0,0,0,0
"ENSG00000271178",0,0,0,0
"ENSG00000271605",176,129,209,225
"ENSG00000271938",0,0,0,0
"ENSG00000272917",0,0,0,0
"ENSG00000274172",0,0,0,0
"ENSG00000274275",0,0,0,0
"ENSG00000274536",0,0,0,0
"ENSG00000274576",0,0,0,0
"ENSG00000274752",0,0,0,0
"ENSG00000274824",0,0,0,0
"ENSG00000275538",0,0,0,0
"ENSG00000275743",0,0,0,0
"ENSG00000275791",0,0,0,0
"ENSG00000276405",0,0,0,0
"ENSG00000276557",0,0,0,0
"ENSG00000276566",0,0,0,0
"ENSG00000276699",0,0,0,0
"ENSG00000276758",0,0,0,0
"ENSG00000276775",0,0,0,0
"ENSG00000276953",0,0,0,0
"ENSG00000277030",0,0,0,0
"ENSG00000277443",3553,2283,2566,3270
"ENSG00000277632",48,42,27,36
"ENSG00000277734",0,0,0,0
"ENSG00000277942",0,0,0,0
"ENSG00000278030",0,0,0,0
"ENSG00000278196",0,0,0,0
"ENSG00000278263",0,0,0,0
"ENSG00000278661",0,0,0,0
"ENSG00000278766",0,0,0,0
"ENSG00000279332",0,0,0,0
"ENSG00000279463",0,0,0,0
"ENSG00000280411",0,0,0,0
"ENSG00000281958",0,0,0,0
"ENSG00000281990",0,0,0,0
"ENSG00000282122",0,0,0,0
"ENSG00000282133",0,0,0,0
"ENSG00000282173",0,0,0,0
"ENSG00000282320",0,0,0,0
"ENSG00000282420",0,0,0,0
"ENSG00000282499",0,0,0,0
"ENSG00000282600",0,0,0,0
"ENSG00000282602",0,0,0,0
"ENSG00000282639",0,0,0,0
"ENSG00000282651",0,0,0,0
"ENSG00000282780",0,0,0,0
"ENSG00000282939",0,0,0,0
"ENSG00000283063",0,0,0,0
"ENSG00000283499",0,0,0,0
"ENSG00000284049",0,0,0,0
"ENSG00000288701",3134,4619,3617,2537
"ENSG00000290292",164,216,209,197
